Using pre-set license
Built from '2022.3/respin/2022.3.62f2-4af31df585-v2' branch; Version is '2022.3.62f3 (96770f904ca7) revision 9860879'; Using compiler version '192829333'; Build Type 'Release'
OS: 'Windows 11  (10.0.22631) 64bit Education' Language: 'en' Physical Memory: 16263 MB
BatchMode: 1, IsHumanControllingUs: 0, StartBugReporterOnCrash: 0, Is64bit: 1, IsPro: 1

COMMAND LINE ARGUMENTS:
C:\Program Files\Unity\hub\editor\Editor\Unity.exe
-adb2
-batchMode
-noUpm
-name
AssetImportWorker0
-projectPath
C:/Users/sheehanj.UCCC_DOM2/Documents/GitHub/Space-SCHMUP-2025/Space SHMUP
-logFile
Logs/AssetImportWorker0.log
-srvPort
61555
Successfully changed project path to: C:/Users/sheehanj.UCCC_DOM2/Documents/GitHub/Space-SCHMUP-2025/Space SHMUP
C:/Users/sheehanj.UCCC_DOM2/Documents/GitHub/Space-SCHMUP-2025/Space SHMUP
[UnityMemory] Configuration Parameters - Can be set up in boot.config
    "memorysetup-bucket-allocator-granularity=16"
    "memorysetup-bucket-allocator-bucket-count=8"
    "memorysetup-bucket-allocator-block-size=33554432"
    "memorysetup-bucket-allocator-block-count=8"
    "memorysetup-main-allocator-block-size=16777216"
    "memorysetup-thread-allocator-block-size=16777216"
    "memorysetup-gfx-main-allocator-block-size=16777216"
    "memorysetup-gfx-thread-allocator-block-size=16777216"
    "memorysetup-cache-allocator-block-size=4194304"
    "memorysetup-typetree-allocator-block-size=2097152"
    "memorysetup-profiler-bucket-allocator-granularity=16"
    "memorysetup-profiler-bucket-allocator-bucket-count=8"
    "memorysetup-profiler-bucket-allocator-block-size=33554432"
    "memorysetup-profiler-bucket-allocator-block-count=8"
    "memorysetup-profiler-allocator-block-size=16777216"
    "memorysetup-profiler-editor-allocator-block-size=1048576"
    "memorysetup-temp-allocator-size-main=16777216"
    "memorysetup-job-temp-allocator-block-size=2097152"
    "memorysetup-job-temp-allocator-block-size-background=1048576"
    "memorysetup-job-temp-allocator-reduction-small-platforms=262144"
    "memorysetup-allocator-temp-initial-block-size-main=262144"
    "memorysetup-allocator-temp-initial-block-size-worker=262144"
    "memorysetup-temp-allocator-size-background-worker=32768"
    "memorysetup-temp-allocator-size-job-worker=262144"
    "memorysetup-temp-allocator-size-preload-manager=33554432"
    "memorysetup-temp-allocator-size-nav-mesh-worker=65536"
    "memorysetup-temp-allocator-size-audio-worker=65536"
    "memorysetup-temp-allocator-size-cloud-worker=32768"
    "memorysetup-temp-allocator-size-gi-baking-worker=262144"
    "memorysetup-temp-allocator-size-gfx=262144"
Player connection [16420]  Target information:

Player connection [16420]  * "[IP] 10.50.2.36 [Port] 0 [Flags] 2 [Guid] 1884790114 [EditorId] 1884790114 [Version] 1048832 [Id] WindowsEditor(7,HAR106PODIUM) [Debug] 1 [PackageName] WindowsEditor [ProjectName] Editor" 

Player connection [16420]  * "[IP] 192.168.56.1 [Port] 0 [Flags] 2 [Guid] 1884790114 [EditorId] 1884790114 [Version] 1048832 [Id] WindowsEditor(7,HAR106PODIUM) [Debug] 1 [PackageName] WindowsEditor [ProjectName] Editor" 

Player connection [16420] Host joined multi-casting on [225.0.0.222:54997]...
Player connection [16420] Host joined alternative multi-casting on [225.0.0.222:34997]...
Input System module state changed to: Initialized.
[PhysX] Initialized MultithreadedTaskDispatcher with 4 workers.
Refreshing native plugins compatible for Editor in 44.50 ms, found 2 plugins.
Preloading 0 native plugins for Editor in 0.00 ms.
Initialize engine version: 2022.3.62f3 (96770f904ca7)
[Subsystems] Discovering subsystems at path C:/Program Files/Unity/hub/editor/Editor/Data/Resources/UnitySubsystems
[Subsystems] Discovering subsystems at path C:/Users/sheehanj.UCCC_DOM2/Documents/GitHub/Space-SCHMUP-2025/Space SHMUP/Assets
GfxDevice: creating device client; threaded=0; jobified=0
Direct3D:
    Version:  Direct3D 11.0 [level 11.1]
    Renderer: Intel(R) HD Graphics 630 (ID=0x5912)
    Vendor:   Intel
    VRAM:     8131 MB
    Driver:   26.20.100.7757
Initialize mono
Mono path[0] = 'C:/Program Files/Unity/hub/editor/Editor/Data/Managed'
Mono path[1] = 'C:/Program Files/Unity/hub/editor/Editor/Data/MonoBleedingEdge/lib/mono/unityjit-win32'
Mono config path = 'C:/Program Files/Unity/hub/editor/Editor/Data/MonoBleedingEdge/etc'
Using monoOptions --debugger-agent=transport=dt_socket,embedding=1,server=y,suspend=n,address=127.0.0.1:56540
Begin MonoManager ReloadAssembly
Registering precompiled unity dll's ...
Register platform support module: C:/Program Files/Unity/hub/editor/Editor/Data/PlaybackEngines/WindowsStandaloneSupport/UnityEditor.WindowsStandalone.Extensions.dll
Registered in 0.019542 seconds.
- Loaded All Assemblies, in  1.887 seconds
Native extension for WindowsStandalone target not found
Mono: successfully reloaded assembly
- Finished resetting the current domain, in  1.423 seconds
Domain Reload Profiling: 3311ms
	BeginReloadAssembly (701ms)
		ExecutionOrderSort (0ms)
		DisableScriptedObjects (0ms)
		BackupInstance (0ms)
		ReleaseScriptingObjects (0ms)
		CreateAndSetChildDomain (10ms)
	RebuildCommonClasses (155ms)
	RebuildNativeTypeToScriptingClass (34ms)
	initialDomainReloadingComplete (297ms)
	LoadAllAssembliesAndSetupDomain (695ms)
		LoadAssemblies (686ms)
		RebuildTransferFunctionScriptingTraits (0ms)
		AnalyzeDomain (690ms)
			TypeCache.Refresh (687ms)
				TypeCache.ScanAssembly (590ms)
			ScanForSourceGeneratedMonoScriptInfo (1ms)
			ResolveRequiredComponents (1ms)
	FinalizeReload (1429ms)
		ReleaseScriptCaches (0ms)
		RebuildScriptCaches (0ms)
		SetupLoadedEditorAssemblies (1212ms)
			LogAssemblyErrors (0ms)
			InitializePlatformSupportModulesInManaged (26ms)
			SetLoadedEditorAssemblies (66ms)
			RefreshPlugins (0ms)
			BeforeProcessingInitializeOnLoad (8ms)
			ProcessInitializeOnLoadAttributes (803ms)
			ProcessInitializeOnLoadMethodAttributes (309ms)
			AfterProcessingInitializeOnLoad (0ms)
			EditorAssembliesLoaded (0ms)
		ExecutionOrderSort2 (0ms)
		AwakeInstancesAfterBackupRestoration (0ms)
========================================================================
Worker process is ready to serve import requests
Caller must complete domain reload
Begin MonoManager ReloadAssembly
- Loaded All Assemblies, in  1.607 seconds
Native extension for WindowsStandalone target not found
Mono: successfully reloaded assembly
- Finished resetting the current domain, in  1.558 seconds
Domain Reload Profiling: 3151ms
	BeginReloadAssembly (591ms)
		ExecutionOrderSort (0ms)
		DisableScriptedObjects (14ms)
		BackupInstance (0ms)
		ReleaseScriptingObjects (0ms)
		CreateAndSetChildDomain (103ms)
	RebuildCommonClasses (89ms)
	RebuildNativeTypeToScriptingClass (19ms)
	initialDomainReloadingComplete (102ms)
	LoadAllAssembliesAndSetupDomain (789ms)
		LoadAssemblies (860ms)
		RebuildTransferFunctionScriptingTraits (0ms)
		AnalyzeDomain (184ms)
			TypeCache.Refresh (164ms)
				TypeCache.ScanAssembly (140ms)
			ScanForSourceGeneratedMonoScriptInfo (13ms)
			ResolveRequiredComponents (5ms)
	FinalizeReload (1560ms)
		ReleaseScriptCaches (0ms)
		RebuildScriptCaches (0ms)
		SetupLoadedEditorAssemblies (1166ms)
			LogAssemblyErrors (0ms)
			InitializePlatformSupportModulesInManaged (10ms)
			SetLoadedEditorAssemblies (13ms)
			RefreshPlugins (0ms)
			BeforeProcessingInitializeOnLoad (131ms)
			ProcessInitializeOnLoadAttributes (911ms)
			ProcessInitializeOnLoadMethodAttributes (83ms)
			AfterProcessingInitializeOnLoad (17ms)
			EditorAssembliesLoaded (1ms)
		ExecutionOrderSort2 (0ms)
		AwakeInstancesAfterBackupRestoration (37ms)
Launched and connected shader compiler UnityShaderCompiler.exe after 0.52 seconds
Refreshing native plugins compatible for Editor in 16.21 ms, found 2 plugins.
Preloading 0 native plugins for Editor in 0.00 ms.
Unloading 1456 Unused Serialized files (Serialized files now loaded: 0)
Unloading 14 unused Assets / (52.1 KB). Loaded Objects now: 1927.
Memory consumption went from 81.4 MB to 81.3 MB.
Total: 6.691800 ms (FindLiveObjects: 0.248200 ms CreateObjectMapping: 0.279100 ms MarkObjects: 5.662100 ms  DeleteObjects: 0.500600 ms)

AssetImportParameters requested are different than current active one (requested -> active):
  custom:video-encoder-webm-vp8: eb34c28f22e8b96e1ab97ce403110664 -> 
  custom:video-decoder-webm-vp8: 9c59270c3fd7afecdb556c50c9e8de78 -> 
  custom:audio-decoder-ogg-vorbis: bf7c407c2cedff20999df2af8eb42d56 -> 
  custom:SearchIndexIgnoredProperties: e643bd26f0fe6173181afceb89e7c659 -> 
  custom:container-demuxer-ogg: 62fdf1f143b41e24485cea50d1cbac27 -> 
  custom:AudioImporter_EditorPlatform: d09bf68614088b80899f8185d706f6e7 -> 
  custom:CustomObjectIndexerAttribute: 9a22284fe3817be447336de3de66b15e -> 
  custom:container-demuxer-webm: 4f35f7cbe854078d1ac9338744f61a02 -> 
  custom:video-codec-MediaFoundation-h265: 746d11721c4dcdbdad8f713fa42b33f4 -> 
  custom:video-decoder-ogg-theora: a1e56fd34408186e4bbccfd4996cb3dc -> 
  custom:audio-encoder-webm-vorbis: bf7c407c2cedff20999df2af8eb42d56 -> 
  custom:framework-win-MediaFoundation: 216162199b28c13a410421893ffa2e32 -> 
  custom:container-muxer-webm: aa71ff27fc2769a1b78a27578f13a17b -> 
========================================================================
Received Import Request.
  Time since last request: 2321459.615001 seconds.
  path: Assets/Scripts/Main.cs
  artifactKey: Guid(fe934afa9dbb3d94587c18d1d6b70974) Importer(815301076,1909f56bfc062723c751e8b465ee728b)
Start importing Assets/Scripts/Main.cs using Guid(fe934afa9dbb3d94587c18d1d6b70974) Importer(815301076,1909f56bfc062723c751e8b465ee728b) [PhysX] Initialized MultithreadedTaskDispatcher with 4 workers.
 -> (artifact id: '2c61c2493468ffc24f56f4ad1e2983c0') in 0.003854 seconds
Number of updated asset objects reloaded before import = 0
Number of asset objects unloaded after import = 0
========================================================================
Received Import Request.
  Time since last request: 0.000026 seconds.
  path: Assets/Scripts
  artifactKey: Guid(98ea1aae97ed7574e91cb50c324d825e) Importer(815301076,1909f56bfc062723c751e8b465ee728b)
Start importing Assets/Scripts using Guid(98ea1aae97ed7574e91cb50c324d825e) Importer(815301076,1909f56bfc062723c751e8b465ee728b) [PhysX] Initialized MultithreadedTaskDispatcher with 4 workers.
 -> (artifact id: 'fc1b68440f641ca8bfd631dbb554bea8') in 0.000897 seconds
Number of updated asset objects reloaded before import = 0
Number of asset objects unloaded after import = 0
========================================================================
Received Prepare
Caller must complete domain reload
Begin MonoManager ReloadAssembly
- Loaded All Assemblies, in  3.213 seconds
Native extension for WindowsStandalone target not found
Mono: successfully reloaded assembly
- Finished resetting the current domain, in  3.285 seconds
Domain Reload Profiling: 6442ms
	BeginReloadAssembly (638ms)
		ExecutionOrderSort (0ms)
		DisableScriptedObjects (7ms)
		BackupInstance (0ms)
		ReleaseScriptingObjects (0ms)
		CreateAndSetChildDomain (50ms)
	RebuildCommonClasses (86ms)
	RebuildNativeTypeToScriptingClass (25ms)
	initialDomainReloadingComplete (155ms)
	LoadAllAssembliesAndSetupDomain (2253ms)
		LoadAssemblies (2397ms)
		RebuildTransferFunctionScriptingTraits (0ms)
		AnalyzeDomain (115ms)
			TypeCache.Refresh (78ms)
				TypeCache.ScanAssembly (0ms)
			ScanForSourceGeneratedMonoScriptInfo (0ms)
			ResolveRequiredComponents (35ms)
	FinalizeReload (3285ms)
		ReleaseScriptCaches (0ms)
		RebuildScriptCaches (0ms)
		SetupLoadedEditorAssemblies (656ms)
			LogAssemblyErrors (0ms)
			InitializePlatformSupportModulesInManaged (24ms)
			SetLoadedEditorAssemblies (3ms)
			RefreshPlugins (0ms)
			BeforeProcessingInitializeOnLoad (73ms)
			ProcessInitializeOnLoadAttributes (502ms)
			ProcessInitializeOnLoadMethodAttributes (36ms)
			AfterProcessingInitializeOnLoad (18ms)
			EditorAssembliesLoaded (0ms)
		ExecutionOrderSort2 (0ms)
		AwakeInstancesAfterBackupRestoration (16ms)
Refreshing native plugins compatible for Editor in 5.48 ms, found 2 plugins.
Preloading 0 native plugins for Editor in 0.00 ms.
Unloading 1449 Unused Serialized files (Serialized files now loaded: 0)
Unloading 9 unused Assets / (26.0 KB). Loaded Objects now: 1930.
Memory consumption went from 80.5 MB to 80.5 MB.
Total: 3.896300 ms (FindLiveObjects: 0.153300 ms CreateObjectMapping: 0.086800 ms MarkObjects: 3.599400 ms  DeleteObjects: 0.055100 ms)

Prepare: number of updated asset objects reloaded= 0
AssetImportParameters requested are different than current active one (requested -> active):
  custom:video-encoder-webm-vp8: eb34c28f22e8b96e1ab97ce403110664 -> 
  custom:video-decoder-webm-vp8: 9c59270c3fd7afecdb556c50c9e8de78 -> 
  custom:audio-decoder-ogg-vorbis: bf7c407c2cedff20999df2af8eb42d56 -> 
  custom:SearchIndexIgnoredProperties: e643bd26f0fe6173181afceb89e7c659 -> 
  custom:container-demuxer-ogg: 62fdf1f143b41e24485cea50d1cbac27 -> 
  custom:AudioImporter_EditorPlatform: d09bf68614088b80899f8185d706f6e7 -> 
  custom:CustomObjectIndexerAttribute: 9a22284fe3817be447336de3de66b15e -> 
  custom:container-demuxer-webm: 4f35f7cbe854078d1ac9338744f61a02 -> 
  custom:video-codec-MediaFoundation-h265: 746d11721c4dcdbdad8f713fa42b33f4 -> 
  custom:video-decoder-ogg-theora: a1e56fd34408186e4bbccfd4996cb3dc -> 
  custom:audio-encoder-webm-vorbis: bf7c407c2cedff20999df2af8eb42d56 -> 
  custom:framework-win-MediaFoundation: 216162199b28c13a410421893ffa2e32 -> 
  custom:container-muxer-webm: aa71ff27fc2769a1b78a27578f13a17b -> 
========================================================================
Received Prepare
Caller must complete domain reload
Begin MonoManager ReloadAssembly
- Loaded All Assemblies, in  5.443 seconds
Native extension for WindowsStandalone target not found
Mono: successfully reloaded assembly
- Finished resetting the current domain, in  5.798 seconds
Domain Reload Profiling: 11228ms
	BeginReloadAssembly (613ms)
		ExecutionOrderSort (0ms)
		DisableScriptedObjects (9ms)
		BackupInstance (0ms)
		ReleaseScriptingObjects (0ms)
		CreateAndSetChildDomain (35ms)
	RebuildCommonClasses (72ms)
	RebuildNativeTypeToScriptingClass (33ms)
	initialDomainReloadingComplete (112ms)
	LoadAllAssembliesAndSetupDomain (4599ms)
		LoadAssemblies (4670ms)
		RebuildTransferFunctionScriptingTraits (0ms)
		AnalyzeDomain (182ms)
			TypeCache.Refresh (73ms)
				TypeCache.ScanAssembly (0ms)
			ScanForSourceGeneratedMonoScriptInfo (0ms)
			ResolveRequiredComponents (102ms)
	FinalizeReload (5799ms)
		ReleaseScriptCaches (0ms)
		RebuildScriptCaches (0ms)
		SetupLoadedEditorAssemblies (524ms)
			LogAssemblyErrors (0ms)
			InitializePlatformSupportModulesInManaged (9ms)
			SetLoadedEditorAssemblies (6ms)
			RefreshPlugins (0ms)
			BeforeProcessingInitializeOnLoad (80ms)
			ProcessInitializeOnLoadAttributes (387ms)
			ProcessInitializeOnLoadMethodAttributes (30ms)
			AfterProcessingInitializeOnLoad (12ms)
			EditorAssembliesLoaded (0ms)
		ExecutionOrderSort2 (0ms)
		AwakeInstancesAfterBackupRestoration (18ms)
Refreshing native plugins compatible for Editor in 5.91 ms, found 2 plugins.
Preloading 0 native plugins for Editor in 0.00 ms.
Unloading 1449 Unused Serialized files (Serialized files now loaded: 0)
Unloading 9 unused Assets / (25.9 KB). Loaded Objects now: 1933.
Memory consumption went from 80.5 MB to 80.5 MB.
Total: 2.808700 ms (FindLiveObjects: 0.146400 ms CreateObjectMapping: 0.057600 ms MarkObjects: 2.556700 ms  DeleteObjects: 0.047100 ms)

Prepare: number of updated asset objects reloaded= 0
AssetImportParameters requested are different than current active one (requested -> active):
  custom:video-encoder-webm-vp8: eb34c28f22e8b96e1ab97ce403110664 -> 
  custom:video-decoder-webm-vp8: 9c59270c3fd7afecdb556c50c9e8de78 -> 
  custom:audio-decoder-ogg-vorbis: bf7c407c2cedff20999df2af8eb42d56 -> 
  custom:SearchIndexIgnoredProperties: e643bd26f0fe6173181afceb89e7c659 -> 
  custom:container-demuxer-ogg: 62fdf1f143b41e24485cea50d1cbac27 -> 
  custom:AudioImporter_EditorPlatform: d09bf68614088b80899f8185d706f6e7 -> 
  custom:CustomObjectIndexerAttribute: 9a22284fe3817be447336de3de66b15e -> 
  custom:container-demuxer-webm: 4f35f7cbe854078d1ac9338744f61a02 -> 
  custom:video-codec-MediaFoundation-h265: 746d11721c4dcdbdad8f713fa42b33f4 -> 
  custom:video-decoder-ogg-theora: a1e56fd34408186e4bbccfd4996cb3dc -> 
  custom:audio-encoder-webm-vorbis: bf7c407c2cedff20999df2af8eb42d56 -> 
  custom:framework-win-MediaFoundation: 216162199b28c13a410421893ffa2e32 -> 
  custom:container-muxer-webm: aa71ff27fc2769a1b78a27578f13a17b -> 
========================================================================
Received Prepare
Caller must complete domain reload
Begin MonoManager ReloadAssembly
- Loaded All Assemblies, in  3.555 seconds
Native extension for WindowsStandalone target not found
Mono: successfully reloaded assembly
- Finished resetting the current domain, in 13.291 seconds
Domain Reload Profiling: 16826ms
	BeginReloadAssembly (608ms)
		ExecutionOrderSort (0ms)
		DisableScriptedObjects (8ms)
		BackupInstance (0ms)
		ReleaseScriptingObjects (0ms)
		CreateAndSetChildDomain (35ms)
	RebuildCommonClasses (67ms)
	RebuildNativeTypeToScriptingClass (35ms)
	initialDomainReloadingComplete (125ms)
	LoadAllAssembliesAndSetupDomain (2700ms)
		LoadAssemblies (2879ms)
		RebuildTransferFunctionScriptingTraits (0ms)
		AnalyzeDomain (73ms)
			TypeCache.Refresh (54ms)
				TypeCache.ScanAssembly (0ms)
			ScanForSourceGeneratedMonoScriptInfo (5ms)
			ResolveRequiredComponents (11ms)
	FinalizeReload (13291ms)
		ReleaseScriptCaches (0ms)
		RebuildScriptCaches (0ms)
		SetupLoadedEditorAssemblies (2746ms)
			LogAssemblyErrors (0ms)
			InitializePlatformSupportModulesInManaged (141ms)
			SetLoadedEditorAssemblies (88ms)
			RefreshPlugins (0ms)
			BeforeProcessingInitializeOnLoad (943ms)
			ProcessInitializeOnLoadAttributes (1530ms)
			ProcessInitializeOnLoadMethodAttributes (30ms)
			AfterProcessingInitializeOnLoad (14ms)
			EditorAssembliesLoaded (0ms)
		ExecutionOrderSort2 (0ms)
		AwakeInstancesAfterBackupRestoration (19ms)
Refreshing native plugins compatible for Editor in 5.42 ms, found 2 plugins.
Preloading 0 native plugins for Editor in 0.00 ms.
Unloading 1449 Unused Serialized files (Serialized files now loaded: 0)
Unloading 9 unused Assets / (25.9 KB). Loaded Objects now: 1936.
Memory consumption went from 80.5 MB to 80.5 MB.
Total: 9.016400 ms (FindLiveObjects: 0.217400 ms CreateObjectMapping: 0.116000 ms MarkObjects: 8.644000 ms  DeleteObjects: 0.037600 ms)

Prepare: number of updated asset objects reloaded= 0
AssetImportParameters requested are different than current active one (requested -> active):
  custom:video-encoder-webm-vp8: eb34c28f22e8b96e1ab97ce403110664 -> 
  custom:video-decoder-webm-vp8: 9c59270c3fd7afecdb556c50c9e8de78 -> 
  custom:audio-decoder-ogg-vorbis: bf7c407c2cedff20999df2af8eb42d56 -> 
  custom:SearchIndexIgnoredProperties: e643bd26f0fe6173181afceb89e7c659 -> 
  custom:container-demuxer-ogg: 62fdf1f143b41e24485cea50d1cbac27 -> 
  custom:AudioImporter_EditorPlatform: d09bf68614088b80899f8185d706f6e7 -> 
  custom:CustomObjectIndexerAttribute: 9a22284fe3817be447336de3de66b15e -> 
  custom:container-demuxer-webm: 4f35f7cbe854078d1ac9338744f61a02 -> 
  custom:video-codec-MediaFoundation-h265: 746d11721c4dcdbdad8f713fa42b33f4 -> 
  custom:video-decoder-ogg-theora: a1e56fd34408186e4bbccfd4996cb3dc -> 
  custom:audio-encoder-webm-vorbis: bf7c407c2cedff20999df2af8eb42d56 -> 
  custom:framework-win-MediaFoundation: 216162199b28c13a410421893ffa2e32 -> 
  custom:container-muxer-webm: aa71ff27fc2769a1b78a27578f13a17b -> 
========================================================================
Received Import Request.
  Time since last request: 293.470086 seconds.
  path: Assets/Prefabs
  artifactKey: Guid(223a2663760769947b191665c289f447) Importer(815301076,1909f56bfc062723c751e8b465ee728b)
Start importing Assets/Prefabs using Guid(223a2663760769947b191665c289f447) Importer(815301076,1909f56bfc062723c751e8b465ee728b) [PhysX] Initialized MultithreadedTaskDispatcher with 4 workers.
 -> (artifact id: '1974eeddb62c0d28d0a15c10d2c564ab') in 0.004914 seconds
Number of updated asset objects reloaded before import = 0
Number of asset objects unloaded after import = 0
========================================================================
Received Import Request.
  Time since last request: 0.051667 seconds.
  path: Assets/Prefabs/Enemy_0.prefab
  artifactKey: Guid(800d121b8d8d3a6428550f48e04e1c9b) Importer(815301076,1909f56bfc062723c751e8b465ee728b)
Start importing Assets/Prefabs/Enemy_0.prefab using Guid(800d121b8d8d3a6428550f48e04e1c9b) Importer(815301076,1909f56bfc062723c751e8b465ee728b) [PhysX] Initialized MultithreadedTaskDispatcher with 4 workers.
[PhysX] Initialized MultithreadedTaskDispatcher with 4 workers.
 -> (artifact id: '50183939a80087b67e15b47d4e19638b') in 0.929664 seconds
Number of updated asset objects reloaded before import = 0
Number of asset objects unloaded after import = 17
========================================================================
Received Import Request.
  Time since last request: 0.000047 seconds.
  path: Assets/Prefabs/ProjectileHero.prefab
  artifactKey: Guid(13939d7e46a48ad449583d86d414b565) Importer(815301076,1909f56bfc062723c751e8b465ee728b)
Start importing Assets/Prefabs/ProjectileHero.prefab using Guid(13939d7e46a48ad449583d86d414b565) Importer(815301076,1909f56bfc062723c751e8b465ee728b) [PhysX] Initialized MultithreadedTaskDispatcher with 4 workers.
[PhysX] Initialized MultithreadedTaskDispatcher with 4 workers.
 -> (artifact id: '22eb428d30b0ea8fe0f4dcf2ed14582c') in 0.064117 seconds
Number of updated asset objects reloaded before import = 0
Number of asset objects unloaded after import = 11
========================================================================
Received Import Request.
  Time since last request: 0.000036 seconds.
  path: Assets/Prefabs/Enemy_4.prefab
  artifactKey: Guid(02fb6d1406263cd4e86a2256b9ff343c) Importer(815301076,1909f56bfc062723c751e8b465ee728b)
Start importing Assets/Prefabs/Enemy_4.prefab using Guid(02fb6d1406263cd4e86a2256b9ff343c) Importer(815301076,1909f56bfc062723c751e8b465ee728b) [PhysX] Initialized MultithreadedTaskDispatcher with 4 workers.
[PhysX] Initialized MultithreadedTaskDispatcher with 4 workers.
 -> (artifact id: 'd8f8a1ca11d03a056a3519c37730e306') in 0.053545 seconds
Number of updated asset objects reloaded before import = 0
Number of asset objects unloaded after import = 25
========================================================================
Received Import Request.
  Time since last request: 0.000026 seconds.
  path: Assets/Prefabs/Enemy_2.prefab
  artifactKey: Guid(d2408cc9ea8afa24ea570631aa5935c5) Importer(815301076,1909f56bfc062723c751e8b465ee728b)
Start importing Assets/Prefabs/Enemy_2.prefab using Guid(d2408cc9ea8afa24ea570631aa5935c5) Importer(815301076,1909f56bfc062723c751e8b465ee728b) [PhysX] Initialized MultithreadedTaskDispatcher with 4 workers.
[PhysX] Initialized MultithreadedTaskDispatcher with 4 workers.
 -> (artifact id: '231e9f922df53724100074118290ff58') in 0.037146 seconds
Number of updated asset objects reloaded before import = 0
Number of asset objects unloaded after import = 22
========================================================================
Received Import Request.
  Time since last request: 0.000061 seconds.
  path: Assets/Prefabs/Enemy_1.prefab
  artifactKey: Guid(3e210b276fb1cc340b60228f58141719) Importer(815301076,1909f56bfc062723c751e8b465ee728b)
Start importing Assets/Prefabs/Enemy_1.prefab using Guid(3e210b276fb1cc340b60228f58141719) Importer(815301076,1909f56bfc062723c751e8b465ee728b) [PhysX] Initialized MultithreadedTaskDispatcher with 4 workers.
[PhysX] Initialized MultithreadedTaskDispatcher with 4 workers.
 -> (artifact id: 'b06ebc3ec1fe8b2f5e7a53df59f28133') in 0.099696 seconds
Number of updated asset objects reloaded before import = 0
Number of asset objects unloaded after import = 17
========================================================================
Received Import Request.
  Time since last request: 0.000023 seconds.
  path: Assets/Prefabs/Enemy_3.prefab
  artifactKey: Guid(466dc36bada3a4344b079f6785db6a58) Importer(815301076,1909f56bfc062723c751e8b465ee728b)
Start importing Assets/Prefabs/Enemy_3.prefab using Guid(466dc36bada3a4344b079f6785db6a58) Importer(815301076,1909f56bfc062723c751e8b465ee728b) [PhysX] Initialized MultithreadedTaskDispatcher with 4 workers.
[PhysX] Initialized MultithreadedTaskDispatcher with 4 workers.
 -> (artifact id: 'a3a1b763a04d08fbb87b0c90d2cdd8f3') in 0.083887 seconds
Number of updated asset objects reloaded before import = 0
Number of asset objects unloaded after import = 22
========================================================================
Received Import Request.
  Time since last request: 12.894695 seconds.
  path: Assets/__Scene_0.unity
  artifactKey: Guid(c327b1ae785c24559b5c07c428f5987b) Importer(2089858483,0ecaa5967403d082aa24f35e1b516d23)
Start importing Assets/__Scene_0.unity using Guid(c327b1ae785c24559b5c07c428f5987b) Importer(2089858483,0ecaa5967403d082aa24f35e1b516d23) [PhysX] Initialized MultithreadedTaskDispatcher with 4 workers.
 -> (artifact id: 'fb9a36363075131f4322e736fffc1ef3') in 0.159738 seconds
Number of updated asset objects reloaded before import = 0
Number of asset objects unloaded after import = 1
========================================================================
Received Import Request.
  Time since last request: 0.000020 seconds.
  path: Assets/Prefabs/Enemy_0.prefab
  artifactKey: Guid(800d121b8d8d3a6428550f48e04e1c9b) Importer(2089858483,0ecaa5967403d082aa24f35e1b516d23)
Start importing Assets/Prefabs/Enemy_0.prefab using Guid(800d121b8d8d3a6428550f48e04e1c9b) Importer(2089858483,0ecaa5967403d082aa24f35e1b516d23) [PhysX] Initialized MultithreadedTaskDispatcher with 4 workers.
 -> (artifact id: 'b110ac8df703e79b00cda4c04b875d47') in 0.161697 seconds
Number of updated asset objects reloaded before import = 0
Number of asset objects unloaded after import = 17
========================================================================
Received Import Request.
  Time since last request: 0.000027 seconds.
  path: Assets/Scripts/Enemy_1.cs
  artifactKey: Guid(02357bed56bcc954f89f963da3c6e6eb) Importer(2089858483,0ecaa5967403d082aa24f35e1b516d23)
Start importing Assets/Scripts/Enemy_1.cs using Guid(02357bed56bcc954f89f963da3c6e6eb) Importer(2089858483,0ecaa5967403d082aa24f35e1b516d23) [PhysX] Initialized MultithreadedTaskDispatcher with 4 workers.
 -> (artifact id: '8adec29336b755c70e72e748b58e9a8c') in 0.037676 seconds
Number of updated asset objects reloaded before import = 0
Number of asset objects unloaded after import = 1
========================================================================
Received Import Request.
  Time since last request: 0.000023 seconds.
  path: Assets/_Materials/PowerUp.psd
  artifactKey: Guid(362efc7b3a9114f38844f4f441def1c0) Importer(2089858483,0ecaa5967403d082aa24f35e1b516d23)
Start importing Assets/_Materials/PowerUp.psd using Guid(362efc7b3a9114f38844f4f441def1c0) Importer(2089858483,0ecaa5967403d082aa24f35e1b516d23) [PhysX] Initialized MultithreadedTaskDispatcher with 4 workers.
 -> (artifact id: '899a3ac0b6f9dc50abd4930817204876') in 0.126356 seconds
Number of updated asset objects reloaded before import = 0
Number of asset objects unloaded after import = 1
========================================================================
Received Import Request.
  Time since last request: 0.000018 seconds.
  path: Assets/Assets by Peter Burroughs/Models/weapon_Blaster.fbx
  artifactKey: Guid(0522e2d6add5631469273543744ebf7f) Importer(2089858483,0ecaa5967403d082aa24f35e1b516d23)
Start importing Assets/Assets by Peter Burroughs/Models/weapon_Blaster.fbx using Guid(0522e2d6add5631469273543744ebf7f) Importer(2089858483,0ecaa5967403d082aa24f35e1b516d23) [PhysX] Initialized MultithreadedTaskDispatcher with 4 workers.
 -> (artifact id: '657373977b50c88d9e3fe85bca44d3f2') in 0.102522 seconds
Number of updated asset objects reloaded before import = 0
Number of asset objects unloaded after import = 19
========================================================================
Received Import Request.
  Time since last request: 0.000020 seconds.
  path: Assets/Assets by Peter Burroughs/Textures/weapon_Blaster_Color.png
  artifactKey: Guid(8ec310381a60cbf46a15c67b93735388) Importer(2089858483,0ecaa5967403d082aa24f35e1b516d23)
Start importing Assets/Assets by Peter Burroughs/Textures/weapon_Blaster_Color.png using Guid(8ec310381a60cbf46a15c67b93735388) Importer(2089858483,0ecaa5967403d082aa24f35e1b516d23) [PhysX] Initialized MultithreadedTaskDispatcher with 4 workers.
 -> (artifact id: 'a56b979bc943c84866c6622f3546051d') in 0.065645 seconds
Number of updated asset objects reloaded before import = 0
Number of asset objects unloaded after import = 1
========================================================================
Received Import Request.
  Time since last request: 0.000028 seconds.
  path: Assets/Assets by Peter Burroughs/Materials/enemy2.mat
  artifactKey: Guid(b1c2854825656264287d44db4b031dc0) Importer(2089858483,0ecaa5967403d082aa24f35e1b516d23)
Start importing Assets/Assets by Peter Burroughs/Materials/enemy2.mat using Guid(b1c2854825656264287d44db4b031dc0) Importer(2089858483,0ecaa5967403d082aa24f35e1b516d23) [PhysX] Initialized MultithreadedTaskDispatcher with 4 workers.
 -> (artifact id: 'b6fd29627427d30235758dffbe04729c') in 0.038035 seconds
Number of updated asset objects reloaded before import = 0
Number of asset objects unloaded after import = 2
========================================================================
Received Import Request.
  Time since last request: 0.000025 seconds.
  path: Assets/Assets by Peter Burroughs/Materials/weapon_Blaster.mat
  artifactKey: Guid(024192e014aa5d84482f660d41793f07) Importer(2089858483,0ecaa5967403d082aa24f35e1b516d23)
Start importing Assets/Assets by Peter Burroughs/Materials/weapon_Blaster.mat using Guid(024192e014aa5d84482f660d41793f07) Importer(2089858483,0ecaa5967403d082aa24f35e1b516d23) [PhysX] Initialized MultithreadedTaskDispatcher with 4 workers.
 -> (artifact id: '2aae8b1c7412ad9057f59807ce8a8ea7') in 0.013607 seconds
Number of updated asset objects reloaded before import = 0
Number of asset objects unloaded after import = 2
========================================================================
Received Import Request.
  Time since last request: 0.000037 seconds.
  path: Assets/Assets by Peter Burroughs/Materials/heroShip.mat
  artifactKey: Guid(fe91304d7328f1f4c8fe5a70c2a6a9fa) Importer(2089858483,0ecaa5967403d082aa24f35e1b516d23)
Start importing Assets/Assets by Peter Burroughs/Materials/heroShip.mat using Guid(fe91304d7328f1f4c8fe5a70c2a6a9fa) Importer(2089858483,0ecaa5967403d082aa24f35e1b516d23) [PhysX] Initialized MultithreadedTaskDispatcher with 4 workers.
 -> (artifact id: '734b162e572e63f1735e4ff03bbb4753') in 0.032185 seconds
Number of updated asset objects reloaded before import = 0
Number of asset objects unloaded after import = 2
========================================================================
Received Import Request.
  Time since last request: 0.000045 seconds.
  path: Assets/Assets by Peter Burroughs/Materials/weapon_BlasterProjectile.mat
  artifactKey: Guid(6205b798a658a6141890123eddfb5e8e) Importer(2089858483,0ecaa5967403d082aa24f35e1b516d23)
Start importing Assets/Assets by Peter Burroughs/Materials/weapon_BlasterProjectile.mat using Guid(6205b798a658a6141890123eddfb5e8e) Importer(2089858483,0ecaa5967403d082aa24f35e1b516d23) [PhysX] Initialized MultithreadedTaskDispatcher with 4 workers.
 -> (artifact id: 'bb0699f2eee4a81fbbc0c192036afca5') in 0.023885 seconds
Number of updated asset objects reloaded before import = 0
Number of asset objects unloaded after import = 2
========================================================================
Received Import Request.
  Time since last request: 0.000043 seconds.
  path: Assets/Scripts/BoundsCheck.cs
  artifactKey: Guid(6d3f4d84dcd927d468faa9c198cc25b0) Importer(2089858483,0ecaa5967403d082aa24f35e1b516d23)
Start importing Assets/Scripts/BoundsCheck.cs using Guid(6d3f4d84dcd927d468faa9c198cc25b0) Importer(2089858483,0ecaa5967403d082aa24f35e1b516d23) [PhysX] Initialized MultithreadedTaskDispatcher with 4 workers.
 -> (artifact id: '24fb2e664f56b97120bb8844015b28cc') in 0.010465 seconds
Number of updated asset objects reloaded before import = 0
Number of asset objects unloaded after import = 1
========================================================================
Received Import Request.
  Time since last request: 0.000029 seconds.
  path: Assets/Prefabs/Enemy_4.prefab
  artifactKey: Guid(02fb6d1406263cd4e86a2256b9ff343c) Importer(2089858483,0ecaa5967403d082aa24f35e1b516d23)
Start importing Assets/Prefabs/Enemy_4.prefab using Guid(02fb6d1406263cd4e86a2256b9ff343c) Importer(2089858483,0ecaa5967403d082aa24f35e1b516d23) [PhysX] Initialized MultithreadedTaskDispatcher with 4 workers.
 -> (artifact id: 'afdd1ce8067be12576583361778d98c1') in 0.043502 seconds
Number of updated asset objects reloaded before import = 0
Number of asset objects unloaded after import = 25
========================================================================
Received Import Request.
  Time since last request: 0.000023 seconds.
  path: Assets/Assets by Peter Burroughs/Textures/weapon_SpreadShot_Color.png
  artifactKey: Guid(de1132a41443b3b4cbd7f4e070f3c063) Importer(2089858483,0ecaa5967403d082aa24f35e1b516d23)
Start importing Assets/Assets by Peter Burroughs/Textures/weapon_SpreadShot_Color.png using Guid(de1132a41443b3b4cbd7f4e070f3c063) Importer(2089858483,0ecaa5967403d082aa24f35e1b516d23) [PhysX] Initialized MultithreadedTaskDispatcher with 4 workers.
 -> (artifact id: 'a654160e94644a09f665a23b5f22570e') in 0.055482 seconds
Number of updated asset objects reloaded before import = 0
Number of asset objects unloaded after import = 1
========================================================================
Received Import Request.
  Time since last request: 0.000170 seconds.
  path: Assets/Assets by Peter Burroughs/Other Prefabs/Enemy_2.prefab
  artifactKey: Guid(10ae278da906f451594d7989d76b6d15) Importer(2089858483,0ecaa5967403d082aa24f35e1b516d23)
Start importing Assets/Assets by Peter Burroughs/Other Prefabs/Enemy_2.prefab using Guid(10ae278da906f451594d7989d76b6d15) Importer(2089858483,0ecaa5967403d082aa24f35e1b516d23) [PhysX] Initialized MultithreadedTaskDispatcher with 4 workers.
 -> (artifact id: '06b1b53b39a457d293aef4799b710e86') in 0.064426 seconds
Number of updated asset objects reloaded before import = 0
Number of asset objects unloaded after import = 91
========================================================================
Received Import Request.
  Time since last request: 0.000037 seconds.
  path: Assets/_Materials/Mat_Projectile.mat
  artifactKey: Guid(84fb1b70f5e3c05478b3df41c70c4b47) Importer(2089858483,0ecaa5967403d082aa24f35e1b516d23)
Start importing Assets/_Materials/Mat_Projectile.mat using Guid(84fb1b70f5e3c05478b3df41c70c4b47) Importer(2089858483,0ecaa5967403d082aa24f35e1b516d23) [PhysX] Initialized MultithreadedTaskDispatcher with 4 workers.
 -> (artifact id: '87878d73e85951d93965f2f44362277f') in 0.026134 seconds
Number of updated asset objects reloaded before import = 0
Number of asset objects unloaded after import = 1
========================================================================
Received Import Request.
  Time since last request: 0.000037 seconds.
  path: Assets/Scripts/Enemy_4.cs
  artifactKey: Guid(fa33d7313404776439356e3b29e3b686) Importer(2089858483,0ecaa5967403d082aa24f35e1b516d23)
Start importing Assets/Scripts/Enemy_4.cs using Guid(fa33d7313404776439356e3b29e3b686) Importer(2089858483,0ecaa5967403d082aa24f35e1b516d23) [PhysX] Initialized MultithreadedTaskDispatcher with 4 workers.
 -> (artifact id: '3e1443014778e4daa7bda1ffce3e8f48') in 0.009053 seconds
Number of updated asset objects reloaded before import = 0
Number of asset objects unloaded after import = 1
========================================================================
Received Import Request.
  Time since last request: 0.000046 seconds.
  path: Assets/Assets by Peter Burroughs/Textures/enemy0_Color.png
  artifactKey: Guid(2aba01410cbbbb14ea485036c2edbd2d) Importer(2089858483,0ecaa5967403d082aa24f35e1b516d23)
Start importing Assets/Assets by Peter Burroughs/Textures/enemy0_Color.png using Guid(2aba01410cbbbb14ea485036c2edbd2d) Importer(2089858483,0ecaa5967403d082aa24f35e1b516d23) [PhysX] Initialized MultithreadedTaskDispatcher with 4 workers.
 -> (artifact id: 'd9819b38c0376b05c591b6ac90c85dd8') in 0.079426 seconds
Number of updated asset objects reloaded before import = 0
Number of asset objects unloaded after import = 1
========================================================================
Received Import Request.
  Time since last request: 0.000022 seconds.
  path: Assets/Scripts/Hero.cs
  artifactKey: Guid(82581d73b76d30545803a10654a87557) Importer(2089858483,0ecaa5967403d082aa24f35e1b516d23)
Start importing Assets/Scripts/Hero.cs using Guid(82581d73b76d30545803a10654a87557) Importer(2089858483,0ecaa5967403d082aa24f35e1b516d23) [PhysX] Initialized MultithreadedTaskDispatcher with 4 workers.
 -> (artifact id: '6e4f0a3be58c50a79452ef66f93ab27c') in 0.012673 seconds
Number of updated asset objects reloaded before import = 0
Number of asset objects unloaded after import = 1
========================================================================
Received Import Request.
  Time since last request: 0.000081 seconds.
  path: Assets/Assets by Peter Burroughs/Materials/enemy1.mat
  artifactKey: Guid(405f02960e4500640828cf988dcafa26) Importer(2089858483,0ecaa5967403d082aa24f35e1b516d23)
Start importing Assets/Assets by Peter Burroughs/Materials/enemy1.mat using Guid(405f02960e4500640828cf988dcafa26) Importer(2089858483,0ecaa5967403d082aa24f35e1b516d23) [PhysX] Initialized MultithreadedTaskDispatcher with 4 workers.
 -> (artifact id: 'be4c6522d43c808290fb24cf9f7c0ad2') in 0.069497 seconds
Number of updated asset objects reloaded before import = 0
Number of asset objects unloaded after import = 2
========================================================================
Received Import Request.
  Time since last request: 0.000039 seconds.
  path: Assets/Assets by Peter Burroughs/Models/heroShip.fbx
  artifactKey: Guid(ae3a657191efe7040b52cc85f1d490eb) Importer(2089858483,0ecaa5967403d082aa24f35e1b516d23)
Start importing Assets/Assets by Peter Burroughs/Models/heroShip.fbx using Guid(ae3a657191efe7040b52cc85f1d490eb) Importer(2089858483,0ecaa5967403d082aa24f35e1b516d23) [PhysX] Initialized MultithreadedTaskDispatcher with 4 workers.
 -> (artifact id: '955199d9d6e660447cceedffd8343585') in 0.075099 seconds
Number of updated asset objects reloaded before import = 0
Number of asset objects unloaded after import = 39
========================================================================
Received Import Request.
  Time since last request: 0.000020 seconds.
  path: Assets/Assets by Peter Burroughs/Textures/heroShip_Color.png
  artifactKey: Guid(6b3c446feb8c7bd40a43f53d387e210c) Importer(2089858483,0ecaa5967403d082aa24f35e1b516d23)
Start importing Assets/Assets by Peter Burroughs/Textures/heroShip_Color.png using Guid(6b3c446feb8c7bd40a43f53d387e210c) Importer(2089858483,0ecaa5967403d082aa24f35e1b516d23) [PhysX] Initialized MultithreadedTaskDispatcher with 4 workers.
 -> (artifact id: '404ccdba7d17d354d62a4a7ba90a5843') in 0.057882 seconds
Number of updated asset objects reloaded before import = 0
Number of asset objects unloaded after import = 1
========================================================================
Received Import Request.
  Time since last request: 0.000018 seconds.
  path: Assets/Prefabs/Enemy_1.prefab
  artifactKey: Guid(3e210b276fb1cc340b60228f58141719) Importer(2089858483,0ecaa5967403d082aa24f35e1b516d23)
Start importing Assets/Prefabs/Enemy_1.prefab using Guid(3e210b276fb1cc340b60228f58141719) Importer(2089858483,0ecaa5967403d082aa24f35e1b516d23) [PhysX] Initialized MultithreadedTaskDispatcher with 4 workers.
 -> (artifact id: '2583fd5f3306f2273d0cd1003c369b81') in 0.041846 seconds
Number of updated asset objects reloaded before import = 0
Number of asset objects unloaded after import = 17
========================================================================
Received Import Request.
  Time since last request: 0.000266 seconds.
  path: Assets/Prefabs/Enemy_3.prefab
  artifactKey: Guid(466dc36bada3a4344b079f6785db6a58) Importer(2089858483,0ecaa5967403d082aa24f35e1b516d23)
Start importing Assets/Prefabs/Enemy_3.prefab using Guid(466dc36bada3a4344b079f6785db6a58) Importer(2089858483,0ecaa5967403d082aa24f35e1b516d23) [PhysX] Initialized MultithreadedTaskDispatcher with 4 workers.
 -> (artifact id: 'ea730e9e0f5ea9e162adc56a1f4fa353') in 0.055954 seconds
Number of updated asset objects reloaded before import = 0
Number of asset objects unloaded after import = 22
========================================================================
Received Import Request.
  Time since last request: 0.000019 seconds.
  path: Assets/Assets by Peter Burroughs/Materials/enemy4.mat
  artifactKey: Guid(ceb3adc7b459518499678e5f3d46cdba) Importer(2089858483,0ecaa5967403d082aa24f35e1b516d23)
Start importing Assets/Assets by Peter Burroughs/Materials/enemy4.mat using Guid(ceb3adc7b459518499678e5f3d46cdba) Importer(2089858483,0ecaa5967403d082aa24f35e1b516d23) [PhysX] Initialized MultithreadedTaskDispatcher with 4 workers.
 -> (artifact id: '0b23deabaf08fc9747e48121dd468a7a') in 0.041758 seconds
Number of updated asset objects reloaded before import = 0
Number of asset objects unloaded after import = 2
========================================================================
Received Import Request.
  Time since last request: 0.000038 seconds.
  path: Assets/Assets by Peter Burroughs/Models/enemy3.fbx
  artifactKey: Guid(eebf2fda48302374bbac4c66134c3ba3) Importer(2089858483,0ecaa5967403d082aa24f35e1b516d23)
Start importing Assets/Assets by Peter Burroughs/Models/enemy3.fbx using Guid(eebf2fda48302374bbac4c66134c3ba3) Importer(2089858483,0ecaa5967403d082aa24f35e1b516d23) [PhysX] Initialized MultithreadedTaskDispatcher with 4 workers.
 -> (artifact id: 'e53fd9a2391a2c095d64253967ede596') in 0.087282 seconds
Number of updated asset objects reloaded before import = 0
Number of asset objects unloaded after import = 88
========================================================================
Received Import Request.
  Time since last request: 0.006376 seconds.
  path: Assets/Scripts/Enemy_2.cs
  artifactKey: Guid(3299c98b2e91d224ab7790dca9584ac1) Importer(2089858483,0ecaa5967403d082aa24f35e1b516d23)
Start importing Assets/Scripts/Enemy_2.cs using Guid(3299c98b2e91d224ab7790dca9584ac1) Importer(2089858483,0ecaa5967403d082aa24f35e1b516d23) [PhysX] Initialized MultithreadedTaskDispatcher with 4 workers.
 -> (artifact id: '916cbf32a28f564c0f98d55b2ea0d9e2') in 0.017609 seconds
Number of updated asset objects reloaded before import = 0
Number of asset objects unloaded after import = 1
========================================================================
Received Import Request.
  Time since last request: 0.001999 seconds.
  path: Assets/Scripts/Projectile.cs
  artifactKey: Guid(3f323e4672e4a794ab2afabaf0ae5096) Importer(2089858483,0ecaa5967403d082aa24f35e1b516d23)
Start importing Assets/Scripts/Projectile.cs using Guid(3f323e4672e4a794ab2afabaf0ae5096) Importer(2089858483,0ecaa5967403d082aa24f35e1b516d23) [PhysX] Initialized MultithreadedTaskDispatcher with 4 workers.
 -> (artifact id: '5fa60aec1868945c4ef39f2713007762') in 0.025234 seconds
Number of updated asset objects reloaded before import = 0
Number of asset objects unloaded after import = 1
========================================================================
Received Import Request.
  Time since last request: 0.000039 seconds.
  path: Assets/_Materials/UnlitAlpha.shader
  artifactKey: Guid(7a80e71dafe87471ca6aa6d0d4bc61e3) Importer(2089858483,0ecaa5967403d082aa24f35e1b516d23)
Start importing Assets/_Materials/UnlitAlpha.shader using Guid(7a80e71dafe87471ca6aa6d0d4bc61e3) Importer(2089858483,0ecaa5967403d082aa24f35e1b516d23) [PhysX] Initialized MultithreadedTaskDispatcher with 4 workers.
 -> (artifact id: '710bf2f937ce9189cef455e354cdec15') in 0.062685 seconds
Number of updated asset objects reloaded before import = 0
Number of asset objects unloaded after import = 1
========================================================================
Received Import Request.
  Time since last request: 0.000020 seconds.
  path: Assets/Assets by Peter Burroughs/Other Prefabs/Enemy_1.prefab
  artifactKey: Guid(ac8336763c0c047aca9a469c10d3f448) Importer(2089858483,0ecaa5967403d082aa24f35e1b516d23)
Start importing Assets/Assets by Peter Burroughs/Other Prefabs/Enemy_1.prefab using Guid(ac8336763c0c047aca9a469c10d3f448) Importer(2089858483,0ecaa5967403d082aa24f35e1b516d23) [PhysX] Initialized MultithreadedTaskDispatcher with 4 workers.
 -> (artifact id: 'aa7c4ccdbacbc42c3456f42ceec7bd56') in 0.040931 seconds
Number of updated asset objects reloaded before import = 0
Number of asset objects unloaded after import = 63
========================================================================
Received Import Request.
  Time since last request: 0.000026 seconds.
  path: Assets/Assets by Peter Burroughs/Textures/enemy4_Color.png
  artifactKey: Guid(05188c52e790ace4280c17cf9358dce2) Importer(2089858483,0ecaa5967403d082aa24f35e1b516d23)
Start importing Assets/Assets by Peter Burroughs/Textures/enemy4_Color.png using Guid(05188c52e790ace4280c17cf9358dce2) Importer(2089858483,0ecaa5967403d082aa24f35e1b516d23) [PhysX] Initialized MultithreadedTaskDispatcher with 4 workers.
 -> (artifact id: 'e51c4cb2a7c71c537c6a9e4be9015735') in 0.052476 seconds
Number of updated asset objects reloaded before import = 0
Number of asset objects unloaded after import = 1
========================================================================
Received Import Request.
  Time since last request: 0.000019 seconds.
  path: Assets/Assets by Peter Burroughs/Materials/weapon_SpreadShot.mat
  artifactKey: Guid(3e0332a0c4f12844dbbf08cfed478fd8) Importer(2089858483,0ecaa5967403d082aa24f35e1b516d23)
Start importing Assets/Assets by Peter Burroughs/Materials/weapon_SpreadShot.mat using Guid(3e0332a0c4f12844dbbf08cfed478fd8) Importer(2089858483,0ecaa5967403d082aa24f35e1b516d23) [PhysX] Initialized MultithreadedTaskDispatcher with 4 workers.
 -> (artifact id: '4a4fd665443e785b2c55fe507d311813') in 0.058264 seconds
Number of updated asset objects reloaded before import = 0
Number of asset objects unloaded after import = 2
========================================================================
Received Import Request.
  Time since last request: 0.000027 seconds.
  path: Assets/Prefabs/Enemy_2.prefab
  artifactKey: Guid(d2408cc9ea8afa24ea570631aa5935c5) Importer(2089858483,0ecaa5967403d082aa24f35e1b516d23)
Start importing Assets/Prefabs/Enemy_2.prefab using Guid(d2408cc9ea8afa24ea570631aa5935c5) Importer(2089858483,0ecaa5967403d082aa24f35e1b516d23) [PhysX] Initialized MultithreadedTaskDispatcher with 4 workers.
 -> (artifact id: '0d83a83bdae3f63dfd6c50757aa4a295') in 0.053151 seconds
Number of updated asset objects reloaded before import = 0
Number of asset objects unloaded after import = 22
========================================================================
Received Import Request.
  Time since last request: 0.000026 seconds.
  path: Assets/Assets by Peter Burroughs/Materials/weapon_Phaser.mat
  artifactKey: Guid(8230a8901fa775f40995a2dcb9a5d4d2) Importer(2089858483,0ecaa5967403d082aa24f35e1b516d23)
Start importing Assets/Assets by Peter Burroughs/Materials/weapon_Phaser.mat using Guid(8230a8901fa775f40995a2dcb9a5d4d2) Importer(2089858483,0ecaa5967403d082aa24f35e1b516d23) [PhysX] Initialized MultithreadedTaskDispatcher with 4 workers.
 -> (artifact id: 'fa7c514c0133ff5b3f0bea79fc81b974') in 0.030817 seconds
Number of updated asset objects reloaded before import = 0
Number of asset objects unloaded after import = 2
========================================================================
Received Import Request.
  Time since last request: 0.000031 seconds.
  path: Assets/Assets by Peter Burroughs/Other Prefabs/Enemy_3.prefab
  artifactKey: Guid(8b3b585cc9dbb43ff97ab0579e85fd71) Importer(2089858483,0ecaa5967403d082aa24f35e1b516d23)
Start importing Assets/Assets by Peter Burroughs/Other Prefabs/Enemy_3.prefab using Guid(8b3b585cc9dbb43ff97ab0579e85fd71) Importer(2089858483,0ecaa5967403d082aa24f35e1b516d23) [PhysX] Initialized MultithreadedTaskDispatcher with 4 workers.
 -> (artifact id: '1744218b39ca5e35e865fa8e41b3216d') in 0.059375 seconds
Number of updated asset objects reloaded before import = 0
Number of asset objects unloaded after import = 92
========================================================================
Received Import Request.
  Time since last request: 0.000029 seconds.
  path: Assets/_Materials/Space_Transparent.png
  artifactKey: Guid(453afbaa9f90a42ca875148705ae1b37) Importer(2089858483,0ecaa5967403d082aa24f35e1b516d23)
Start importing Assets/_Materials/Space_Transparent.png using Guid(453afbaa9f90a42ca875148705ae1b37) Importer(2089858483,0ecaa5967403d082aa24f35e1b516d23) [PhysX] Initialized MultithreadedTaskDispatcher with 4 workers.
 -> (artifact id: '2836fc44d88e9013d5e77d1c65e67ac6') in 0.046562 seconds
Number of updated asset objects reloaded before import = 0
Number of asset objects unloaded after import = 1
========================================================================
Received Import Request.
  Time since last request: 0.000041 seconds.
  path: Assets/Assets by Peter Burroughs/Models/weapon_MissileLauncher.fbx
  artifactKey: Guid(0b915be395eb1f54c87faeaabb622d10) Importer(2089858483,0ecaa5967403d082aa24f35e1b516d23)
Start importing Assets/Assets by Peter Burroughs/Models/weapon_MissileLauncher.fbx using Guid(0b915be395eb1f54c87faeaabb622d10) Importer(2089858483,0ecaa5967403d082aa24f35e1b516d23) [PhysX] Initialized MultithreadedTaskDispatcher with 4 workers.
 -> (artifact id: 'ada32609d78f9ca5cf1c501a551cbbea') in 0.070804 seconds
Number of updated asset objects reloaded before import = 0
Number of asset objects unloaded after import = 19
========================================================================
Received Import Request.
  Time since last request: 0.000024 seconds.
  path: Assets/Assets by Peter Burroughs/Models/weapon_Phaser.fbx
  artifactKey: Guid(2b917555367b8f64fab39ba6974870f3) Importer(2089858483,0ecaa5967403d082aa24f35e1b516d23)
Start importing Assets/Assets by Peter Burroughs/Models/weapon_Phaser.fbx using Guid(2b917555367b8f64fab39ba6974870f3) Importer(2089858483,0ecaa5967403d082aa24f35e1b516d23) [PhysX] Initialized MultithreadedTaskDispatcher with 4 workers.
 -> (artifact id: '4a4543e791683a1d358a8d15eccc6413') in 0.105898 seconds
Number of updated asset objects reloaded before import = 0
Number of asset objects unloaded after import = 14
========================================================================
Received Import Request.
  Time since last request: 0.000028 seconds.
  path: Assets/Assets by Peter Burroughs/Models/enemy0.fbx
  artifactKey: Guid(f0b8c1c95ce79ec4d9a5a089bc9fdee2) Importer(2089858483,0ecaa5967403d082aa24f35e1b516d23)
Start importing Assets/Assets by Peter Burroughs/Models/enemy0.fbx using Guid(f0b8c1c95ce79ec4d9a5a089bc9fdee2) Importer(2089858483,0ecaa5967403d082aa24f35e1b516d23) [PhysX] Initialized MultithreadedTaskDispatcher with 4 workers.
 -> (artifact id: '88ea6e2ffad337d12cf0bb98ca2725c7') in 0.060423 seconds
Number of updated asset objects reloaded before import = 0
Number of asset objects unloaded after import = 39
========================================================================
Received Import Request.
  Time since last request: 0.000018 seconds.
  path: Assets/Assets by Peter Burroughs/Textures/weapon_Phaser_Color.png
  artifactKey: Guid(1786b44ddd2ce894cba85fc87e7612b2) Importer(2089858483,0ecaa5967403d082aa24f35e1b516d23)
Start importing Assets/Assets by Peter Burroughs/Textures/weapon_Phaser_Color.png using Guid(1786b44ddd2ce894cba85fc87e7612b2) Importer(2089858483,0ecaa5967403d082aa24f35e1b516d23) [PhysX] Initialized MultithreadedTaskDispatcher with 4 workers.
 -> (artifact id: '08e1e1d77f24ed3a2cf5bbc8fb9c4f1e') in 0.060499 seconds
Number of updated asset objects reloaded before import = 0
Number of asset objects unloaded after import = 1
========================================================================
Received Import Request.
  Time since last request: 0.000039 seconds.
  path: Assets/Assets by Peter Burroughs/Textures/enemy2_Color.png
  artifactKey: Guid(11ac3469fcb20d7499480e1af13f8807) Importer(2089858483,0ecaa5967403d082aa24f35e1b516d23)
Start importing Assets/Assets by Peter Burroughs/Textures/enemy2_Color.png using Guid(11ac3469fcb20d7499480e1af13f8807) Importer(2089858483,0ecaa5967403d082aa24f35e1b516d23) [PhysX] Initialized MultithreadedTaskDispatcher with 4 workers.
 -> (artifact id: 'e0e008bcf31f092fb02e42daa84b9603') in 0.033015 seconds
Number of updated asset objects reloaded before import = 0
Number of asset objects unloaded after import = 1
========================================================================
Received Import Request.
  Time since last request: 0.000021 seconds.
  path: Assets/Assets by Peter Burroughs/Models/enemy2.fbx
  artifactKey: Guid(0e60d166db76f2b4cb8c63263e1f0fe9) Importer(2089858483,0ecaa5967403d082aa24f35e1b516d23)
Start importing Assets/Assets by Peter Burroughs/Models/enemy2.fbx using Guid(0e60d166db76f2b4cb8c63263e1f0fe9) Importer(2089858483,0ecaa5967403d082aa24f35e1b516d23) [PhysX] Initialized MultithreadedTaskDispatcher with 4 workers.
 -> (artifact id: '057602390d84b9d93e6597edf7a666c2') in 0.084539 seconds
Number of updated asset objects reloaded before import = 0
Number of asset objects unloaded after import = 87
========================================================================
Received Import Request.
  Time since last request: 0.000027 seconds.
  path: Assets/_Materials/Shields.psd
  artifactKey: Guid(63397e36b72de43d6bbd80825fdcae80) Importer(2089858483,0ecaa5967403d082aa24f35e1b516d23)
Start importing Assets/_Materials/Shields.psd using Guid(63397e36b72de43d6bbd80825fdcae80) Importer(2089858483,0ecaa5967403d082aa24f35e1b516d23) [PhysX] Initialized MultithreadedTaskDispatcher with 4 workers.
 -> (artifact id: '4ee0b30878bc66777d640f53c7b8cd6d') in 0.036782 seconds
Number of updated asset objects reloaded before import = 0
Number of asset objects unloaded after import = 1
========================================================================
Received Import Request.
  Time since last request: 0.000029 seconds.
  path: Assets/Assets by Peter Burroughs/Materials/enemy0.mat
  artifactKey: Guid(54ccbbc487eeb7f4d91840cd896c3c8a) Importer(2089858483,0ecaa5967403d082aa24f35e1b516d23)
Start importing Assets/Assets by Peter Burroughs/Materials/enemy0.mat using Guid(54ccbbc487eeb7f4d91840cd896c3c8a) Importer(2089858483,0ecaa5967403d082aa24f35e1b516d23) [PhysX] Initialized MultithreadedTaskDispatcher with 4 workers.
 -> (artifact id: '08143e81aa7e7980a7ab68be8bba60da') in 0.055353 seconds
Number of updated asset objects reloaded before import = 0
Number of asset objects unloaded after import = 2
========================================================================
Received Import Request.
  Time since last request: 0.000025 seconds.
  path: Assets/Assets by Peter Burroughs/Materials/weapon_MissileLauncherProjectile.mat
  artifactKey: Guid(8638022df59a92449b2b364bf044689f) Importer(2089858483,0ecaa5967403d082aa24f35e1b516d23)
Start importing Assets/Assets by Peter Burroughs/Materials/weapon_MissileLauncherProjectile.mat using Guid(8638022df59a92449b2b364bf044689f) Importer(2089858483,0ecaa5967403d082aa24f35e1b516d23) [PhysX] Initialized MultithreadedTaskDispatcher with 4 workers.
 -> (artifact id: 'de3f31fb1054c1a712feefbae97925cb') in 0.028879 seconds
Number of updated asset objects reloaded before import = 0
Number of asset objects unloaded after import = 2
========================================================================
Received Import Request.
  Time since last request: 0.000240 seconds.
  path: Assets/Assets by Peter Burroughs/Materials/weapon_PhaserProjectile.mat
  artifactKey: Guid(c5d6a0b7484625641b35baa625a40ef6) Importer(2089858483,0ecaa5967403d082aa24f35e1b516d23)
Start importing Assets/Assets by Peter Burroughs/Materials/weapon_PhaserProjectile.mat using Guid(c5d6a0b7484625641b35baa625a40ef6) Importer(2089858483,0ecaa5967403d082aa24f35e1b516d23) [PhysX] Initialized MultithreadedTaskDispatcher with 4 workers.
 -> (artifact id: 'a07b81ffdcd8d9dab87f3f6db1ca1439') in 0.050268 seconds
Number of updated asset objects reloaded before import = 0
Number of asset objects unloaded after import = 2
========================================================================
Received Import Request.
  Time since last request: 0.000065 seconds.
  path: Assets/Scenes/SampleScene.unity
  artifactKey: Guid(9fc0d4010bbf28b4594072e72b8655ab) Importer(2089858483,0ecaa5967403d082aa24f35e1b516d23)
Start importing Assets/Scenes/SampleScene.unity using Guid(9fc0d4010bbf28b4594072e72b8655ab) Importer(2089858483,0ecaa5967403d082aa24f35e1b516d23) [PhysX] Initialized MultithreadedTaskDispatcher with 4 workers.
 -> (artifact id: '687d20821722e29381dc722acc770c3b') in 0.010994 seconds
Number of updated asset objects reloaded before import = 0
Number of asset objects unloaded after import = 1
========================================================================
Received Import Request.
  Time since last request: 0.000062 seconds.
  path: Assets/Assets by Peter Burroughs/Materials/weapon_SpreadShotProjectile.mat
  artifactKey: Guid(5bf7017316bd14848979e42989bac78c) Importer(2089858483,0ecaa5967403d082aa24f35e1b516d23)
Start importing Assets/Assets by Peter Burroughs/Materials/weapon_SpreadShotProjectile.mat using Guid(5bf7017316bd14848979e42989bac78c) Importer(2089858483,0ecaa5967403d082aa24f35e1b516d23) [PhysX] Initialized MultithreadedTaskDispatcher with 4 workers.
 -> (artifact id: 'a4389992f8e278411dbf67e5ee7adbe0') in 0.027717 seconds
Number of updated asset objects reloaded before import = 0
Number of asset objects unloaded after import = 2
========================================================================
Received Import Request.
  Time since last request: 0.000026 seconds.
  path: Assets/Assets by Peter Burroughs/Textures/enemy1_Color.png
  artifactKey: Guid(9023b25b32e7c5346b5d2757c1e50f27) Importer(2089858483,0ecaa5967403d082aa24f35e1b516d23)
Start importing Assets/Assets by Peter Burroughs/Textures/enemy1_Color.png using Guid(9023b25b32e7c5346b5d2757c1e50f27) Importer(2089858483,0ecaa5967403d082aa24f35e1b516d23) [PhysX] Initialized MultithreadedTaskDispatcher with 4 workers.
 -> (artifact id: '04dbfa7e78cf48457ce3b2e927fdc34a') in 0.095194 seconds
Number of updated asset objects reloaded before import = 0
Number of asset objects unloaded after import = 1
========================================================================
Received Import Request.
  Time since last request: 0.000020 seconds.
  path: Assets/Assets by Peter Burroughs/Materials/weapon_MissileLauncher.mat
  artifactKey: Guid(52069af0ef0da764b8815dd2cd5e189c) Importer(2089858483,0ecaa5967403d082aa24f35e1b516d23)
Start importing Assets/Assets by Peter Burroughs/Materials/weapon_MissileLauncher.mat using Guid(52069af0ef0da764b8815dd2cd5e189c) Importer(2089858483,0ecaa5967403d082aa24f35e1b516d23) [PhysX] Initialized MultithreadedTaskDispatcher with 4 workers.
 -> (artifact id: 'e6251858376084f760d1f9860b6e8a42') in 0.015071 seconds
Number of updated asset objects reloaded before import = 0
Number of asset objects unloaded after import = 2
========================================================================
Received Import Request.
  Time since last request: 0.000196 seconds.
  path: Assets/_Materials/Mat_Shield.mat
  artifactKey: Guid(f756c56e0b2e2e249b3ff0646ed23ef6) Importer(2089858483,0ecaa5967403d082aa24f35e1b516d23)
Start importing Assets/_Materials/Mat_Shield.mat using Guid(f756c56e0b2e2e249b3ff0646ed23ef6) Importer(2089858483,0ecaa5967403d082aa24f35e1b516d23) [PhysX] Initialized MultithreadedTaskDispatcher with 4 workers.
 -> (artifact id: '4bc54713b65d344f571f22ac22f636aa') in 0.052388 seconds
Number of updated asset objects reloaded before import = 0
Number of asset objects unloaded after import = 2
========================================================================
Received Import Request.
  Time since last request: 0.000034 seconds.
  path: Assets/Assets by Peter Burroughs/Models/enemy4.fbx
  artifactKey: Guid(0124bc53210bf6d488148eb27b996322) Importer(2089858483,0ecaa5967403d082aa24f35e1b516d23)
Start importing Assets/Assets by Peter Burroughs/Models/enemy4.fbx using Guid(0124bc53210bf6d488148eb27b996322) Importer(2089858483,0ecaa5967403d082aa24f35e1b516d23) [PhysX] Initialized MultithreadedTaskDispatcher with 4 workers.
 -> (artifact id: '080682a2b3d1b461cc718a034d6c4d4e') in 0.095942 seconds
Number of updated asset objects reloaded before import = 0
Number of asset objects unloaded after import = 59
========================================================================
Received Import Request.
  Time since last request: 0.000025 seconds.
  path: Assets/Assets by Peter Burroughs/Textures/weapon_MissileLauncher_Color.png
  artifactKey: Guid(31f1bdcf7b5d60647baf7f956ec2b683) Importer(2089858483,0ecaa5967403d082aa24f35e1b516d23)
Start importing Assets/Assets by Peter Burroughs/Textures/weapon_MissileLauncher_Color.png using Guid(31f1bdcf7b5d60647baf7f956ec2b683) Importer(2089858483,0ecaa5967403d082aa24f35e1b516d23) [PhysX] Initialized MultithreadedTaskDispatcher with 4 workers.
 -> (artifact id: '8885c26464f1a36573afff11f85644e2') in 0.072768 seconds
Number of updated asset objects reloaded before import = 0
Number of asset objects unloaded after import = 1
========================================================================
Received Import Request.
  Time since last request: 0.000285 seconds.
  path: Assets/Assets by Peter Burroughs/Other Prefabs/Enemy_4.prefab
  artifactKey: Guid(486b535a9aae8446f9346d286631b31d) Importer(2089858483,0ecaa5967403d082aa24f35e1b516d23)
Start importing Assets/Assets by Peter Burroughs/Other Prefabs/Enemy_4.prefab using Guid(486b535a9aae8446f9346d286631b31d) Importer(2089858483,0ecaa5967403d082aa24f35e1b516d23) [PhysX] Initialized MultithreadedTaskDispatcher with 4 workers.
 -> (artifact id: '930fd2a965cc46498ade581b28c98308') in 0.047143 seconds
Number of updated asset objects reloaded before import = 0
Number of asset objects unloaded after import = 66
========================================================================
Received Import Request.
  Time since last request: 0.000030 seconds.
  path: Assets/Assets by Peter Burroughs/Materials/enemy3.mat
  artifactKey: Guid(087ea18caff447943bb6fa01f14a3b92) Importer(2089858483,0ecaa5967403d082aa24f35e1b516d23)
Start importing Assets/Assets by Peter Burroughs/Materials/enemy3.mat using Guid(087ea18caff447943bb6fa01f14a3b92) Importer(2089858483,0ecaa5967403d082aa24f35e1b516d23) [PhysX] Initialized MultithreadedTaskDispatcher with 4 workers.
 -> (artifact id: 'bd4f9d8ec9ce143a42fa2280c80b8bdc') in 0.069214 seconds
Number of updated asset objects reloaded before import = 0
Number of asset objects unloaded after import = 2
========================================================================
Received Import Request.
  Time since last request: 0.000027 seconds.
  path: Assets/Scripts/Enemy_3.cs
  artifactKey: Guid(39928a98c9ee75e4fa5a53274a81b7c0) Importer(2089858483,0ecaa5967403d082aa24f35e1b516d23)
Start importing Assets/Scripts/Enemy_3.cs using Guid(39928a98c9ee75e4fa5a53274a81b7c0) Importer(2089858483,0ecaa5967403d082aa24f35e1b516d23) [PhysX] Initialized MultithreadedTaskDispatcher with 4 workers.
 -> (artifact id: 'c0fe1fd5775280a2aa2b0d24537352ce') in 0.009125 seconds
Number of updated asset objects reloaded before import = 0
Number of asset objects unloaded after import = 1
========================================================================
Received Import Request.
  Time since last request: 0.000044 seconds.
  path: Assets/_Materials/Space.png
  artifactKey: Guid(16fe961f69e834ee58da3c7a14d05a3d) Importer(2089858483,0ecaa5967403d082aa24f35e1b516d23)
Start importing Assets/_Materials/Space.png using Guid(16fe961f69e834ee58da3c7a14d05a3d) Importer(2089858483,0ecaa5967403d082aa24f35e1b516d23) [PhysX] Initialized MultithreadedTaskDispatcher with 4 workers.
 -> (artifact id: 'bc62497a85b98293addd952e778b27ae') in 0.082008 seconds
Number of updated asset objects reloaded before import = 0
Number of asset objects unloaded after import = 1
========================================================================
Received Import Request.
  Time since last request: 0.000132 seconds.
  path: Assets/Scenes/_Scene_0.unity
  artifactKey: Guid(8bb9ebf61a871fe43bde6818ad67f246) Importer(2089858483,0ecaa5967403d082aa24f35e1b516d23)
Start importing Assets/Scenes/_Scene_0.unity using Guid(8bb9ebf61a871fe43bde6818ad67f246) Importer(2089858483,0ecaa5967403d082aa24f35e1b516d23) [PhysX] Initialized MultithreadedTaskDispatcher with 4 workers.
 -> (artifact id: '87c18bf0136de43475deecb5c2a9e39a') in 0.035041 seconds
Number of updated asset objects reloaded before import = 0
Number of asset objects unloaded after import = 1
========================================================================
Received Import Request.
  Time since last request: 0.000230 seconds.
  path: Assets/Prefabs/ProjectileHero.prefab
  artifactKey: Guid(13939d7e46a48ad449583d86d414b565) Importer(2089858483,0ecaa5967403d082aa24f35e1b516d23)
Start importing Assets/Prefabs/ProjectileHero.prefab using Guid(13939d7e46a48ad449583d86d414b565) Importer(2089858483,0ecaa5967403d082aa24f35e1b516d23) [PhysX] Initialized MultithreadedTaskDispatcher with 4 workers.
 -> (artifact id: 'd61f20acda88e8e7d3bdacdf5e903491') in 0.059912 seconds
Number of updated asset objects reloaded before import = 0
Number of asset objects unloaded after import = 10
========================================================================
Received Import Request.
  Time since last request: 0.000019 seconds.
  path: Assets/Scripts/Main.cs
  artifactKey: Guid(fe934afa9dbb3d94587c18d1d6b70974) Importer(2089858483,0ecaa5967403d082aa24f35e1b516d23)
Start importing Assets/Scripts/Main.cs using Guid(fe934afa9dbb3d94587c18d1d6b70974) Importer(2089858483,0ecaa5967403d082aa24f35e1b516d23) [PhysX] Initialized MultithreadedTaskDispatcher with 4 workers.
 -> (artifact id: '9d1b8a2b5089fe8bdfadb2dd85be96c5') in 0.025975 seconds
Number of updated asset objects reloaded before import = 0
Number of asset objects unloaded after import = 1
========================================================================
Received Import Request.
  Time since last request: 0.000027 seconds.
  path: Assets/Scripts/Enemy.cs
  artifactKey: Guid(7bac3125c03472543b9e9714f74e3154) Importer(2089858483,0ecaa5967403d082aa24f35e1b516d23)
Start importing Assets/Scripts/Enemy.cs using Guid(7bac3125c03472543b9e9714f74e3154) Importer(2089858483,0ecaa5967403d082aa24f35e1b516d23) [PhysX] Initialized MultithreadedTaskDispatcher with 4 workers.
 -> (artifact id: 'acc3bdb0b864eef5bdf3ca24f56544fc') in 0.065014 seconds
Number of updated asset objects reloaded before import = 0
Number of asset objects unloaded after import = 1
========================================================================
Received Import Request.
  Time since last request: 0.000161 seconds.
  path: Assets/Assets by Peter Burroughs/Models/enemy1.fbx
  artifactKey: Guid(17b565173ef973647a7c2db144c0e2b4) Importer(2089858483,0ecaa5967403d082aa24f35e1b516d23)
Start importing Assets/Assets by Peter Burroughs/Models/enemy1.fbx using Guid(17b565173ef973647a7c2db144c0e2b4) Importer(2089858483,0ecaa5967403d082aa24f35e1b516d23) [PhysX] Initialized MultithreadedTaskDispatcher with 4 workers.
 -> (artifact id: 'c0b3d63cab303d386210e5b41aa97d28') in 0.054495 seconds
Number of updated asset objects reloaded before import = 0
Number of asset objects unloaded after import = 58
========================================================================
Received Import Request.
  Time since last request: 0.000030 seconds.
  path: Assets/Scripts/Shield.cs
  artifactKey: Guid(a9114aa9586192f438536203c050c7b6) Importer(2089858483,0ecaa5967403d082aa24f35e1b516d23)
Start importing Assets/Scripts/Shield.cs using Guid(a9114aa9586192f438536203c050c7b6) Importer(2089858483,0ecaa5967403d082aa24f35e1b516d23) [PhysX] Initialized MultithreadedTaskDispatcher with 4 workers.
 -> (artifact id: 'da4b27baad1fda4e95483c56570c2183') in 0.030074 seconds
Number of updated asset objects reloaded before import = 0
Number of asset objects unloaded after import = 1
========================================================================
Received Import Request.
  Time since last request: 0.000051 seconds.
  path: Assets/Assets by Peter Burroughs/Models/weapon_SpreadShot.fbx
  artifactKey: Guid(8b6e5debbe11f9241ade9814e3d16d70) Importer(2089858483,0ecaa5967403d082aa24f35e1b516d23)
Start importing Assets/Assets by Peter Burroughs/Models/weapon_SpreadShot.fbx using Guid(8b6e5debbe11f9241ade9814e3d16d70) Importer(2089858483,0ecaa5967403d082aa24f35e1b516d23) [PhysX] Initialized MultithreadedTaskDispatcher with 4 workers.
 -> (artifact id: 'c749de36b2f9774248a46b7ff2c40af1') in 0.068272 seconds
Number of updated asset objects reloaded before import = 0
Number of asset objects unloaded after import = 19
========================================================================
Received Import Request.
  Time since last request: 0.000019 seconds.
  path: Assets/Assets by Peter Burroughs/Textures/enemy3_Color.png
  artifactKey: Guid(9ceb66a8f0f23224f9f2d4759003825b) Importer(2089858483,0ecaa5967403d082aa24f35e1b516d23)
Start importing Assets/Assets by Peter Burroughs/Textures/enemy3_Color.png using Guid(9ceb66a8f0f23224f9f2d4759003825b) Importer(2089858483,0ecaa5967403d082aa24f35e1b516d23) [PhysX] Initialized MultithreadedTaskDispatcher with 4 workers.
 -> (artifact id: 'ccbd74c23857f7e9f2e7cc076b981c1d') in 0.048174 seconds
Number of updated asset objects reloaded before import = 0
Number of asset objects unloaded after import = 1
========================================================================
Received Prepare
Caller must complete domain reload
Begin MonoManager ReloadAssembly
- Loaded All Assemblies, in  1.118 seconds
Native extension for WindowsStandalone target not found
Mono: successfully reloaded assembly
- Finished resetting the current domain, in  1.338 seconds
Domain Reload Profiling: 2452ms
	BeginReloadAssembly (584ms)
		ExecutionOrderSort (0ms)
		DisableScriptedObjects (10ms)
		BackupInstance (0ms)
		ReleaseScriptingObjects (0ms)
		CreateAndSetChildDomain (53ms)
	RebuildCommonClasses (93ms)
	RebuildNativeTypeToScriptingClass (38ms)
	initialDomainReloadingComplete (63ms)
	LoadAllAssembliesAndSetupDomain (335ms)
		LoadAssemblies (531ms)
		RebuildTransferFunctionScriptingTraits (0ms)
		AnalyzeDomain (10ms)
			TypeCache.Refresh (5ms)
				TypeCache.ScanAssembly (0ms)
			ScanForSourceGeneratedMonoScriptInfo (0ms)
			ResolveRequiredComponents (4ms)
	FinalizeReload (1339ms)
		ReleaseScriptCaches (0ms)
		RebuildScriptCaches (0ms)
		SetupLoadedEditorAssemblies (519ms)
			LogAssemblyErrors (0ms)
			InitializePlatformSupportModulesInManaged (7ms)
			SetLoadedEditorAssemblies (3ms)
			RefreshPlugins (0ms)
			BeforeProcessingInitializeOnLoad (63ms)
			ProcessInitializeOnLoadAttributes (405ms)
			ProcessInitializeOnLoadMethodAttributes (28ms)
			AfterProcessingInitializeOnLoad (11ms)
			EditorAssembliesLoaded (0ms)
		ExecutionOrderSort2 (0ms)
		AwakeInstancesAfterBackupRestoration (18ms)
Refreshing native plugins compatible for Editor in 5.62 ms, found 2 plugins.
Preloading 0 native plugins for Editor in 0.00 ms.
Unloading 1449 Unused Serialized files (Serialized files now loaded: 0)
Unloading 8 unused Assets / (25.1 KB). Loaded Objects now: 1950.
Memory consumption went from 84.9 MB to 84.9 MB.
Total: 9.844400 ms (FindLiveObjects: 0.151800 ms CreateObjectMapping: 0.075700 ms MarkObjects: 9.581400 ms  DeleteObjects: 0.034200 ms)

Prepare: number of updated asset objects reloaded= 0
AssetImportParameters requested are different than current active one (requested -> active):
  custom:video-encoder-webm-vp8: eb34c28f22e8b96e1ab97ce403110664 -> 
  custom:video-decoder-webm-vp8: 9c59270c3fd7afecdb556c50c9e8de78 -> 
  custom:audio-decoder-ogg-vorbis: bf7c407c2cedff20999df2af8eb42d56 -> 
  custom:SearchIndexIgnoredProperties: e643bd26f0fe6173181afceb89e7c659 -> 
  custom:container-demuxer-ogg: 62fdf1f143b41e24485cea50d1cbac27 -> 
  custom:AudioImporter_EditorPlatform: d09bf68614088b80899f8185d706f6e7 -> 
  custom:CustomObjectIndexerAttribute: 9a22284fe3817be447336de3de66b15e -> 
  custom:container-demuxer-webm: 4f35f7cbe854078d1ac9338744f61a02 -> 
  custom:video-codec-MediaFoundation-h265: 746d11721c4dcdbdad8f713fa42b33f4 -> 
  custom:video-decoder-ogg-theora: a1e56fd34408186e4bbccfd4996cb3dc -> 
  custom:audio-encoder-webm-vorbis: bf7c407c2cedff20999df2af8eb42d56 -> 
  custom:framework-win-MediaFoundation: 216162199b28c13a410421893ffa2e32 -> 
  custom:container-muxer-webm: aa71ff27fc2769a1b78a27578f13a17b -> 
========================================================================
Received Import Request.
  Time since last request: 87.611503 seconds.
  path: Assets/Scripts/Enemy.cs
  artifactKey: Guid(7bac3125c03472543b9e9714f74e3154) Importer(815301076,1909f56bfc062723c751e8b465ee728b)
Start importing Assets/Scripts/Enemy.cs using Guid(7bac3125c03472543b9e9714f74e3154) Importer(815301076,1909f56bfc062723c751e8b465ee728b) [PhysX] Initialized MultithreadedTaskDispatcher with 4 workers.
 -> (artifact id: 'bddc833fcd9123b75e1a222f63329783') in 0.006500 seconds
Number of updated asset objects reloaded before import = 0
Number of asset objects unloaded after import = 0
========================================================================
Received Import Request.
  Time since last request: 60.187705 seconds.
  path: Assets/Scripts/Enemy_1.cs
  artifactKey: Guid(02357bed56bcc954f89f963da3c6e6eb) Importer(815301076,1909f56bfc062723c751e8b465ee728b)
Start importing Assets/Scripts/Enemy_1.cs using Guid(02357bed56bcc954f89f963da3c6e6eb) Importer(815301076,1909f56bfc062723c751e8b465ee728b) [PhysX] Initialized MultithreadedTaskDispatcher with 4 workers.
 -> (artifact id: '3715361891c3c18e6cc00ad45d3e9710') in 0.000977 seconds
Number of updated asset objects reloaded before import = 0
Number of asset objects unloaded after import = 0
========================================================================
Received Import Request.
  Time since last request: 0.955925 seconds.
  path: Assets/Scripts/Enemy_2.cs
  artifactKey: Guid(3299c98b2e91d224ab7790dca9584ac1) Importer(815301076,1909f56bfc062723c751e8b465ee728b)
Start importing Assets/Scripts/Enemy_2.cs using Guid(3299c98b2e91d224ab7790dca9584ac1) Importer(815301076,1909f56bfc062723c751e8b465ee728b) [PhysX] Initialized MultithreadedTaskDispatcher with 4 workers.
 -> (artifact id: 'd8cf95fac94c3e29e6bf96af9fcf3983') in 0.001230 seconds
Number of updated asset objects reloaded before import = 0
Number of asset objects unloaded after import = 0
========================================================================
Received Prepare
Caller must complete domain reload
Begin MonoManager ReloadAssembly
- Loaded All Assemblies, in  1.873 seconds
Native extension for WindowsStandalone target not found
Mono: successfully reloaded assembly
- Finished resetting the current domain, in 17.178 seconds
Domain Reload Profiling: 19100ms
	BeginReloadAssembly (539ms)
		ExecutionOrderSort (0ms)
		DisableScriptedObjects (8ms)
		BackupInstance (0ms)
		ReleaseScriptingObjects (0ms)
		CreateAndSetChildDomain (37ms)
	RebuildCommonClasses (64ms)
	RebuildNativeTypeToScriptingClass (19ms)
	initialDomainReloadingComplete (56ms)
	LoadAllAssembliesAndSetupDomain (1192ms)
		LoadAssemblies (1316ms)
		RebuildTransferFunctionScriptingTraits (0ms)
		AnalyzeDomain (39ms)
			TypeCache.Refresh (21ms)
				TypeCache.ScanAssembly (0ms)
			ScanForSourceGeneratedMonoScriptInfo (0ms)
			ResolveRequiredComponents (17ms)
	FinalizeReload (17230ms)
		ReleaseScriptCaches (0ms)
		RebuildScriptCaches (0ms)
		SetupLoadedEditorAssemblies (7386ms)
			LogAssemblyErrors (0ms)
			InitializePlatformSupportModulesInManaged (199ms)
			SetLoadedEditorAssemblies (18ms)
			RefreshPlugins (0ms)
			BeforeProcessingInitializeOnLoad (876ms)
			ProcessInitializeOnLoadAttributes (5701ms)
			ProcessInitializeOnLoadMethodAttributes (443ms)
			AfterProcessingInitializeOnLoad (148ms)
			EditorAssembliesLoaded (0ms)
		ExecutionOrderSort2 (0ms)
		AwakeInstancesAfterBackupRestoration (279ms)
Refreshing native plugins compatible for Editor in 70.94 ms, found 2 plugins.
Preloading 0 native plugins for Editor in 0.00 ms.
Unloading 1449 Unused Serialized files (Serialized files now loaded: 0)
Unloading 8 unused Assets / (25.1 KB). Loaded Objects now: 1953.
Memory consumption went from 84.9 MB to 84.9 MB.
Total: 41.290600 ms (FindLiveObjects: 3.634600 ms CreateObjectMapping: 0.298800 ms MarkObjects: 37.255100 ms  DeleteObjects: 0.097500 ms)

Prepare: number of updated asset objects reloaded= 0
AssetImportParameters requested are different than current active one (requested -> active):
  custom:video-encoder-webm-vp8: eb34c28f22e8b96e1ab97ce403110664 -> 
  custom:video-decoder-webm-vp8: 9c59270c3fd7afecdb556c50c9e8de78 -> 
  custom:audio-decoder-ogg-vorbis: bf7c407c2cedff20999df2af8eb42d56 -> 
  custom:SearchIndexIgnoredProperties: e643bd26f0fe6173181afceb89e7c659 -> 
  custom:container-demuxer-ogg: 62fdf1f143b41e24485cea50d1cbac27 -> 
  custom:AudioImporter_EditorPlatform: d09bf68614088b80899f8185d706f6e7 -> 
  custom:CustomObjectIndexerAttribute: 9a22284fe3817be447336de3de66b15e -> 
  custom:container-demuxer-webm: 4f35f7cbe854078d1ac9338744f61a02 -> 
  custom:video-codec-MediaFoundation-h265: 746d11721c4dcdbdad8f713fa42b33f4 -> 
  custom:video-decoder-ogg-theora: a1e56fd34408186e4bbccfd4996cb3dc -> 
  custom:audio-encoder-webm-vorbis: bf7c407c2cedff20999df2af8eb42d56 -> 
  custom:framework-win-MediaFoundation: 216162199b28c13a410421893ffa2e32 -> 
  custom:container-muxer-webm: aa71ff27fc2769a1b78a27578f13a17b -> 
========================================================================
Received Import Request.
  Time since last request: 190.790809 seconds.
  path: Assets/Scripts/Enemy_3.cs
  artifactKey: Guid(39928a98c9ee75e4fa5a53274a81b7c0) Importer(815301076,1909f56bfc062723c751e8b465ee728b)
Start importing Assets/Scripts/Enemy_3.cs using Guid(39928a98c9ee75e4fa5a53274a81b7c0) Importer(815301076,1909f56bfc062723c751e8b465ee728b) [PhysX] Initialized MultithreadedTaskDispatcher with 4 workers.
 -> (artifact id: '534af9f1a9441150e2a5a55bd212a406') in 0.005579 seconds
Number of updated asset objects reloaded before import = 0
Number of asset objects unloaded after import = 0
========================================================================
Received Prepare
Caller must complete domain reload
Begin MonoManager ReloadAssembly
- Loaded All Assemblies, in  4.049 seconds
Native extension for WindowsStandalone target not found
Mono: successfully reloaded assembly
- Finished resetting the current domain, in 13.218 seconds
Domain Reload Profiling: 17286ms
	BeginReloadAssembly (599ms)
		ExecutionOrderSort (0ms)
		DisableScriptedObjects (7ms)
		BackupInstance (0ms)
		ReleaseScriptingObjects (0ms)
		CreateAndSetChildDomain (35ms)
	RebuildCommonClasses (98ms)
	RebuildNativeTypeToScriptingClass (29ms)
	initialDomainReloadingComplete (117ms)
	LoadAllAssembliesAndSetupDomain (3225ms)
		LoadAssemblies (3286ms)
		RebuildTransferFunctionScriptingTraits (0ms)
		AnalyzeDomain (143ms)
			TypeCache.Refresh (95ms)
				TypeCache.ScanAssembly (0ms)
			ScanForSourceGeneratedMonoScriptInfo (1ms)
			ResolveRequiredComponents (46ms)
	FinalizeReload (13219ms)
		ReleaseScriptCaches (0ms)
		RebuildScriptCaches (0ms)
		SetupLoadedEditorAssemblies (3564ms)
			LogAssemblyErrors (0ms)
			InitializePlatformSupportModulesInManaged (78ms)
			SetLoadedEditorAssemblies (47ms)
			RefreshPlugins (0ms)
			BeforeProcessingInitializeOnLoad (583ms)
			ProcessInitializeOnLoadAttributes (2796ms)
			ProcessInitializeOnLoadMethodAttributes (37ms)
			AfterProcessingInitializeOnLoad (21ms)
			EditorAssembliesLoaded (0ms)
		ExecutionOrderSort2 (0ms)
		AwakeInstancesAfterBackupRestoration (26ms)
Refreshing native plugins compatible for Editor in 36.65 ms, found 2 plugins.
Preloading 0 native plugins for Editor in 0.00 ms.
Unloading 1449 Unused Serialized files (Serialized files now loaded: 0)
Unloading 8 unused Assets / (25.0 KB). Loaded Objects now: 1956.
Memory consumption went from 84.9 MB to 84.9 MB.
Total: 3.376000 ms (FindLiveObjects: 0.176800 ms CreateObjectMapping: 0.164300 ms MarkObjects: 2.967400 ms  DeleteObjects: 0.065900 ms)

Prepare: number of updated asset objects reloaded= 0
AssetImportParameters requested are different than current active one (requested -> active):
  custom:video-encoder-webm-vp8: eb34c28f22e8b96e1ab97ce403110664 -> 
  custom:video-decoder-webm-vp8: 9c59270c3fd7afecdb556c50c9e8de78 -> 
  custom:audio-decoder-ogg-vorbis: bf7c407c2cedff20999df2af8eb42d56 -> 
  custom:SearchIndexIgnoredProperties: e643bd26f0fe6173181afceb89e7c659 -> 
  custom:container-demuxer-ogg: 62fdf1f143b41e24485cea50d1cbac27 -> 
  custom:AudioImporter_EditorPlatform: d09bf68614088b80899f8185d706f6e7 -> 
  custom:CustomObjectIndexerAttribute: 9a22284fe3817be447336de3de66b15e -> 
  custom:container-demuxer-webm: 4f35f7cbe854078d1ac9338744f61a02 -> 
  custom:video-codec-MediaFoundation-h265: 746d11721c4dcdbdad8f713fa42b33f4 -> 
  custom:video-decoder-ogg-theora: a1e56fd34408186e4bbccfd4996cb3dc -> 
  custom:audio-encoder-webm-vorbis: bf7c407c2cedff20999df2af8eb42d56 -> 
  custom:framework-win-MediaFoundation: 216162199b28c13a410421893ffa2e32 -> 
  custom:container-muxer-webm: aa71ff27fc2769a1b78a27578f13a17b -> 
========================================================================
Received Import Request.
  Time since last request: 194.346361 seconds.
  path: Assets/Scripts/Hero.cs
  artifactKey: Guid(82581d73b76d30545803a10654a87557) Importer(815301076,1909f56bfc062723c751e8b465ee728b)
Start importing Assets/Scripts/Hero.cs using Guid(82581d73b76d30545803a10654a87557) Importer(815301076,1909f56bfc062723c751e8b465ee728b) [PhysX] Initialized MultithreadedTaskDispatcher with 4 workers.
 -> (artifact id: 'ebff5db4a9a6da0a8240ec8fcc4b1b46') in 0.003188 seconds
Number of updated asset objects reloaded before import = 0
Number of asset objects unloaded after import = 0
========================================================================
Received Prepare
Caller must complete domain reload
Begin MonoManager ReloadAssembly
- Loaded All Assemblies, in  2.688 seconds
Native extension for WindowsStandalone target not found
Mono: successfully reloaded assembly
- Finished resetting the current domain, in 15.450 seconds
Domain Reload Profiling: 18147ms
	BeginReloadAssembly (603ms)
		ExecutionOrderSort (0ms)
		DisableScriptedObjects (7ms)
		BackupInstance (0ms)
		ReleaseScriptingObjects (0ms)
		CreateAndSetChildDomain (37ms)
	RebuildCommonClasses (76ms)
	RebuildNativeTypeToScriptingClass (25ms)
	initialDomainReloadingComplete (202ms)
	LoadAllAssembliesAndSetupDomain (1761ms)
		LoadAssemblies (1969ms)
		RebuildTransferFunctionScriptingTraits (0ms)
		AnalyzeDomain (43ms)
			TypeCache.Refresh (29ms)
				TypeCache.ScanAssembly (0ms)
			ScanForSourceGeneratedMonoScriptInfo (0ms)
			ResolveRequiredComponents (12ms)
	FinalizeReload (15480ms)
		ReleaseScriptCaches (0ms)
		RebuildScriptCaches (0ms)
		SetupLoadedEditorAssemblies (6718ms)
			LogAssemblyErrors (0ms)
			InitializePlatformSupportModulesInManaged (85ms)
			SetLoadedEditorAssemblies (17ms)
			RefreshPlugins (0ms)
			BeforeProcessingInitializeOnLoad (780ms)
			ProcessInitializeOnLoadAttributes (5309ms)
			ProcessInitializeOnLoadMethodAttributes (318ms)
			AfterProcessingInitializeOnLoad (208ms)
			EditorAssembliesLoaded (0ms)
		ExecutionOrderSort2 (0ms)
		AwakeInstancesAfterBackupRestoration (144ms)
Refreshing native plugins compatible for Editor in 38.79 ms, found 2 plugins.
Preloading 0 native plugins for Editor in 0.00 ms.
Unloading 1449 Unused Serialized files (Serialized files now loaded: 0)
Unloading 8 unused Assets / (25.1 KB). Loaded Objects now: 1959.
Memory consumption went from 84.9 MB to 84.9 MB.
Total: 36.491200 ms (FindLiveObjects: 2.462100 ms CreateObjectMapping: 0.272300 ms MarkObjects: 27.052600 ms  DeleteObjects: 6.699400 ms)

Prepare: number of updated asset objects reloaded= 0
AssetImportParameters requested are different than current active one (requested -> active):
  custom:video-encoder-webm-vp8: eb34c28f22e8b96e1ab97ce403110664 -> 
  custom:video-decoder-webm-vp8: 9c59270c3fd7afecdb556c50c9e8de78 -> 
  custom:audio-decoder-ogg-vorbis: bf7c407c2cedff20999df2af8eb42d56 -> 
  custom:SearchIndexIgnoredProperties: e643bd26f0fe6173181afceb89e7c659 -> 
  custom:container-demuxer-ogg: 62fdf1f143b41e24485cea50d1cbac27 -> 
  custom:AudioImporter_EditorPlatform: d09bf68614088b80899f8185d706f6e7 -> 
  custom:CustomObjectIndexerAttribute: 9a22284fe3817be447336de3de66b15e -> 
  custom:container-demuxer-webm: 4f35f7cbe854078d1ac9338744f61a02 -> 
  custom:video-codec-MediaFoundation-h265: 746d11721c4dcdbdad8f713fa42b33f4 -> 
  custom:video-decoder-ogg-theora: a1e56fd34408186e4bbccfd4996cb3dc -> 
  custom:audio-encoder-webm-vorbis: bf7c407c2cedff20999df2af8eb42d56 -> 
  custom:framework-win-MediaFoundation: 216162199b28c13a410421893ffa2e32 -> 
  custom:container-muxer-webm: aa71ff27fc2769a1b78a27578f13a17b -> 
========================================================================
Received Import Request.
  Time since last request: 201.485081 seconds.
  path: Assets/Scripts/Projectile.cs
  artifactKey: Guid(3f323e4672e4a794ab2afabaf0ae5096) Importer(815301076,1909f56bfc062723c751e8b465ee728b)
Start importing Assets/Scripts/Projectile.cs using Guid(3f323e4672e4a794ab2afabaf0ae5096) Importer(815301076,1909f56bfc062723c751e8b465ee728b) [PhysX] Initialized MultithreadedTaskDispatcher with 4 workers.
 -> (artifact id: 'beac2040a3219978891b38b819413f5f') in 0.004133 seconds
Number of updated asset objects reloaded before import = 0
Number of asset objects unloaded after import = 0
========================================================================
Received Import Request.
  Time since last request: 242.555276 seconds.
  path: Assets/Scripts/BoundsCheck.cs
  artifactKey: Guid(6d3f4d84dcd927d468faa9c198cc25b0) Importer(815301076,1909f56bfc062723c751e8b465ee728b)
Start importing Assets/Scripts/BoundsCheck.cs using Guid(6d3f4d84dcd927d468faa9c198cc25b0) Importer(815301076,1909f56bfc062723c751e8b465ee728b) [PhysX] Initialized MultithreadedTaskDispatcher with 4 workers.
 -> (artifact id: '0d0e414289d751573f69c0ab3364b162') in 0.001279 seconds
Number of updated asset objects reloaded before import = 0
Number of asset objects unloaded after import = 0
========================================================================
Received Import Request.
  Time since last request: 207.007560 seconds.
  path: Assets/Scripts/Mat_Starfield.mat
  artifactKey: Guid(efeefd1d5cd986246a07e4278f5dfe25) Importer(815301076,1909f56bfc062723c751e8b465ee728b)
Start importing Assets/Scripts/Mat_Starfield.mat using Guid(efeefd1d5cd986246a07e4278f5dfe25) Importer(815301076,1909f56bfc062723c751e8b465ee728b) [PhysX] Initialized MultithreadedTaskDispatcher with 4 workers.
[PhysX] Initialized MultithreadedTaskDispatcher with 4 workers.
 -> (artifact id: '8e55050f4f5798d16f3f01741ed74059') in 0.925701 seconds
Number of updated asset objects reloaded before import = 0
Number of asset objects unloaded after import = 1
========================================================================
Received Import Request.
  Time since last request: 5.636579 seconds.
  path: Assets/_Materials/Mat_Projectile.mat
  artifactKey: Guid(84fb1b70f5e3c05478b3df41c70c4b47) Importer(815301076,1909f56bfc062723c751e8b465ee728b)
Start importing Assets/_Materials/Mat_Projectile.mat using Guid(84fb1b70f5e3c05478b3df41c70c4b47) Importer(815301076,1909f56bfc062723c751e8b465ee728b) [PhysX] Initialized MultithreadedTaskDispatcher with 4 workers.
[PhysX] Initialized MultithreadedTaskDispatcher with 4 workers.
 -> (artifact id: 'b98b792d1e05cb18d8cf3ab6d434bbb8') in 0.045760 seconds
Number of updated asset objects reloaded before import = 0
Number of asset objects unloaded after import = 1
========================================================================
Received Import Request.
  Time since last request: 0.000041 seconds.
  path: Assets/_Materials/Shields.psd
  artifactKey: Guid(63397e36b72de43d6bbd80825fdcae80) Importer(815301076,1909f56bfc062723c751e8b465ee728b)
Start importing Assets/_Materials/Shields.psd using Guid(63397e36b72de43d6bbd80825fdcae80) Importer(815301076,1909f56bfc062723c751e8b465ee728b) [PhysX] Initialized MultithreadedTaskDispatcher with 4 workers.
[PhysX] Initialized MultithreadedTaskDispatcher with 4 workers.
 -> (artifact id: '8c6a93a5d5f569ed6b309c7245f442f1') in 0.031553 seconds
Number of updated asset objects reloaded before import = 0
Number of asset objects unloaded after import = 2
========================================================================
Received Import Request.
  Time since last request: 0.000447 seconds.
  path: Assets/_Materials/Mat_Shield.mat
  artifactKey: Guid(f756c56e0b2e2e249b3ff0646ed23ef6) Importer(815301076,1909f56bfc062723c751e8b465ee728b)
Start importing Assets/_Materials/Mat_Shield.mat using Guid(f756c56e0b2e2e249b3ff0646ed23ef6) Importer(815301076,1909f56bfc062723c751e8b465ee728b) [PhysX] Initialized MultithreadedTaskDispatcher with 4 workers.
[PhysX] Initialized MultithreadedTaskDispatcher with 4 workers.
 -> (artifact id: 'ed8af0ed5380a9c391335422bd7b3316') in 0.047579 seconds
Number of updated asset objects reloaded before import = 0
Number of asset objects unloaded after import = 2
========================================================================
Received Import Request.
  Time since last request: 0.000342 seconds.
  path: Assets/_Materials/Space.png
  artifactKey: Guid(16fe961f69e834ee58da3c7a14d05a3d) Importer(815301076,1909f56bfc062723c751e8b465ee728b)
Start importing Assets/_Materials/Space.png using Guid(16fe961f69e834ee58da3c7a14d05a3d) Importer(815301076,1909f56bfc062723c751e8b465ee728b) [PhysX] Initialized MultithreadedTaskDispatcher with 4 workers.
[PhysX] Initialized MultithreadedTaskDispatcher with 4 workers.
 -> (artifact id: 'db35f4d446c4b7223d04d27ae01ad354') in 0.048645 seconds
Number of updated asset objects reloaded before import = 0
Number of asset objects unloaded after import = 2
========================================================================
Received Import Request.
  Time since last request: 0.000030 seconds.
  path: Assets/_Materials/Space_Transparent.png
  artifactKey: Guid(453afbaa9f90a42ca875148705ae1b37) Importer(815301076,1909f56bfc062723c751e8b465ee728b)
Start importing Assets/_Materials/Space_Transparent.png using Guid(453afbaa9f90a42ca875148705ae1b37) Importer(815301076,1909f56bfc062723c751e8b465ee728b) [PhysX] Initialized MultithreadedTaskDispatcher with 4 workers.
[PhysX] Initialized MultithreadedTaskDispatcher with 4 workers.
 -> (artifact id: '8e28a66b4f5c03683b95ecbc206e3a10') in 0.025685 seconds
Number of updated asset objects reloaded before import = 0
Number of asset objects unloaded after import = 2
========================================================================
Received Import Request.
  Time since last request: 0.000032 seconds.
  path: Assets/_Materials/PowerUp.psd
  artifactKey: Guid(362efc7b3a9114f38844f4f441def1c0) Importer(815301076,1909f56bfc062723c751e8b465ee728b)
Start importing Assets/_Materials/PowerUp.psd using Guid(362efc7b3a9114f38844f4f441def1c0) Importer(815301076,1909f56bfc062723c751e8b465ee728b) [PhysX] Initialized MultithreadedTaskDispatcher with 4 workers.
[PhysX] Initialized MultithreadedTaskDispatcher with 4 workers.
 -> (artifact id: 'c3a2c3b599ab86c1b0301513a42f6446') in 0.034052 seconds
Number of updated asset objects reloaded before import = 0
Number of asset objects unloaded after import = 2
========================================================================
Received Prepare
Caller must complete domain reload
Begin MonoManager ReloadAssembly
- Loaded All Assemblies, in  1.936 seconds
Native extension for WindowsStandalone target not found
Mono: successfully reloaded assembly
- Finished resetting the current domain, in 11.827 seconds
Domain Reload Profiling: 13766ms
	BeginReloadAssembly (635ms)
		ExecutionOrderSort (0ms)
		DisableScriptedObjects (6ms)
		BackupInstance (0ms)
		ReleaseScriptingObjects (0ms)
		CreateAndSetChildDomain (41ms)
	RebuildCommonClasses (65ms)
	RebuildNativeTypeToScriptingClass (24ms)
	initialDomainReloadingComplete (75ms)
	LoadAllAssembliesAndSetupDomain (1132ms)
		LoadAssemblies (1323ms)
		RebuildTransferFunctionScriptingTraits (0ms)
		AnalyzeDomain (70ms)
			TypeCache.Refresh (52ms)
				TypeCache.ScanAssembly (0ms)
			ScanForSourceGeneratedMonoScriptInfo (4ms)
			ResolveRequiredComponents (8ms)
	FinalizeReload (11835ms)
		ReleaseScriptCaches (0ms)
		RebuildScriptCaches (0ms)
		SetupLoadedEditorAssemblies (5646ms)
			LogAssemblyErrors (0ms)
			InitializePlatformSupportModulesInManaged (143ms)
			SetLoadedEditorAssemblies (39ms)
			RefreshPlugins (0ms)
			BeforeProcessingInitializeOnLoad (924ms)
			ProcessInitializeOnLoadAttributes (4034ms)
			ProcessInitializeOnLoadMethodAttributes (458ms)
			AfterProcessingInitializeOnLoad (46ms)
			EditorAssembliesLoaded (1ms)
		ExecutionOrderSort2 (0ms)
		AwakeInstancesAfterBackupRestoration (66ms)
Refreshing native plugins compatible for Editor in 24.38 ms, found 2 plugins.
Preloading 0 native plugins for Editor in 0.00 ms.
Unloading 1449 Unused Serialized files (Serialized files now loaded: 0)
Unloading 8 unused Assets / (25.1 KB). Loaded Objects now: 1998.
Memory consumption went from 85.2 MB to 85.1 MB.
Total: 12.454600 ms (FindLiveObjects: 0.241300 ms CreateObjectMapping: 0.339500 ms MarkObjects: 11.734000 ms  DeleteObjects: 0.135900 ms)

Prepare: number of updated asset objects reloaded= 0
AssetImportParameters requested are different than current active one (requested -> active):
  custom:video-encoder-webm-vp8: eb34c28f22e8b96e1ab97ce403110664 -> 
  custom:video-decoder-webm-vp8: 9c59270c3fd7afecdb556c50c9e8de78 -> 
  custom:audio-decoder-ogg-vorbis: bf7c407c2cedff20999df2af8eb42d56 -> 
  custom:SearchIndexIgnoredProperties: e643bd26f0fe6173181afceb89e7c659 -> 
  custom:container-demuxer-ogg: 62fdf1f143b41e24485cea50d1cbac27 -> 
  custom:AudioImporter_EditorPlatform: d09bf68614088b80899f8185d706f6e7 -> 
  custom:CustomObjectIndexerAttribute: 9a22284fe3817be447336de3de66b15e -> 
  custom:container-demuxer-webm: 4f35f7cbe854078d1ac9338744f61a02 -> 
  custom:video-codec-MediaFoundation-h265: 746d11721c4dcdbdad8f713fa42b33f4 -> 
  custom:video-decoder-ogg-theora: a1e56fd34408186e4bbccfd4996cb3dc -> 
  custom:audio-encoder-webm-vorbis: bf7c407c2cedff20999df2af8eb42d56 -> 
  custom:framework-win-MediaFoundation: 216162199b28c13a410421893ffa2e32 -> 
  custom:container-muxer-webm: aa71ff27fc2769a1b78a27578f13a17b -> 
========================================================================
Received Import Request.
  Time since last request: 173.490822 seconds.
  path: Assets/_Materials/Mat_Starfield.mat
  artifactKey: Guid(efeefd1d5cd986246a07e4278f5dfe25) Importer(815301076,1909f56bfc062723c751e8b465ee728b)
Start importing Assets/_Materials/Mat_Starfield.mat using Guid(efeefd1d5cd986246a07e4278f5dfe25) Importer(815301076,1909f56bfc062723c751e8b465ee728b) [PhysX] Initialized MultithreadedTaskDispatcher with 4 workers.
[PhysX] Initialized MultithreadedTaskDispatcher with 4 workers.
 -> (artifact id: 'eb1726d97cebb4bec49ff79e3fc53e2b') in 0.252951 seconds
Number of updated asset objects reloaded before import = 0
Number of asset objects unloaded after import = 1
========================================================================
Received Import Request.
  Time since last request: 0.000024 seconds.
  path: Assets/_Materials/Mat_Starfield 1.mat
  artifactKey: Guid(70d10403e1688f14daef829de847bda5) Importer(815301076,1909f56bfc062723c751e8b465ee728b)
Start importing Assets/_Materials/Mat_Starfield 1.mat using Guid(70d10403e1688f14daef829de847bda5) Importer(815301076,1909f56bfc062723c751e8b465ee728b) [PhysX] Initialized MultithreadedTaskDispatcher with 4 workers.
[PhysX] Initialized MultithreadedTaskDispatcher with 4 workers.
 -> (artifact id: 'b64c3c9e6e35a3f8ba6858b20a426d42') in 0.065945 seconds
Number of updated asset objects reloaded before import = 0
Number of asset objects unloaded after import = 1
========================================================================
Received Import Request.
  Time since last request: 13.548443 seconds.
  path: Assets/_Materials
  artifactKey: Guid(25c175c8e896c4ff1851b2b0362b3ef6) Importer(815301076,1909f56bfc062723c751e8b465ee728b)
Start importing Assets/_Materials using Guid(25c175c8e896c4ff1851b2b0362b3ef6) Importer(815301076,1909f56bfc062723c751e8b465ee728b) [PhysX] Initialized MultithreadedTaskDispatcher with 4 workers.
 -> (artifact id: '2cdacd1e0bdf3371d9dc55937ba337d1') in 0.003007 seconds
Number of updated asset objects reloaded before import = 0
Number of asset objects unloaded after import = 0
========================================================================
Received Import Request.
  Time since last request: 20.035834 seconds.
  path: Assets/_Materials/Mat_Starfield_Transparent.mat
  artifactKey: Guid(70d10403e1688f14daef829de847bda5) Importer(815301076,1909f56bfc062723c751e8b465ee728b)
Start importing Assets/_Materials/Mat_Starfield_Transparent.mat using Guid(70d10403e1688f14daef829de847bda5) Importer(815301076,1909f56bfc062723c751e8b465ee728b) [PhysX] Initialized MultithreadedTaskDispatcher with 4 workers.
[PhysX] Initialized MultithreadedTaskDispatcher with 4 workers.
 -> (artifact id: '3df1e8e35eb845fda801624f4e4462e5') in 0.050854 seconds
Number of updated asset objects reloaded before import = 0
Number of asset objects unloaded after import = 1
========================================================================
Received Prepare
Caller must complete domain reload
Begin MonoManager ReloadAssembly
- Loaded All Assemblies, in  2.475 seconds
Native extension for WindowsStandalone target not found
Mono: successfully reloaded assembly
- Finished resetting the current domain, in  3.177 seconds
Domain Reload Profiling: 5626ms
	BeginReloadAssembly (600ms)
		ExecutionOrderSort (0ms)
		DisableScriptedObjects (5ms)
		BackupInstance (0ms)
		ReleaseScriptingObjects (0ms)
		CreateAndSetChildDomain (40ms)
	RebuildCommonClasses (80ms)
	RebuildNativeTypeToScriptingClass (35ms)
	initialDomainReloadingComplete (100ms)
	LoadAllAssembliesAndSetupDomain (1634ms)
		LoadAssemblies (1732ms)
		RebuildTransferFunctionScriptingTraits (0ms)
		AnalyzeDomain (145ms)
			TypeCache.Refresh (99ms)
				TypeCache.ScanAssembly (0ms)
			ScanForSourceGeneratedMonoScriptInfo (0ms)
			ResolveRequiredComponents (43ms)
	FinalizeReload (3178ms)
		ReleaseScriptCaches (0ms)
		RebuildScriptCaches (0ms)
		SetupLoadedEditorAssemblies (658ms)
			LogAssemblyErrors (0ms)
			InitializePlatformSupportModulesInManaged (10ms)
			SetLoadedEditorAssemblies (3ms)
			RefreshPlugins (0ms)
			BeforeProcessingInitializeOnLoad (83ms)
			ProcessInitializeOnLoadAttributes (514ms)
			ProcessInitializeOnLoadMethodAttributes (36ms)
			AfterProcessingInitializeOnLoad (12ms)
			EditorAssembliesLoaded (0ms)
		ExecutionOrderSort2 (0ms)
		AwakeInstancesAfterBackupRestoration (16ms)
Refreshing native plugins compatible for Editor in 5.02 ms, found 2 plugins.
Preloading 0 native plugins for Editor in 0.00 ms.
Unloading 1449 Unused Serialized files (Serialized files now loaded: 0)
Unloading 8 unused Assets / (25.0 KB). Loaded Objects now: 2001.
Memory consumption went from 85.2 MB to 85.1 MB.
Total: 3.112600 ms (FindLiveObjects: 0.202500 ms CreateObjectMapping: 0.067900 ms MarkObjects: 2.776100 ms  DeleteObjects: 0.065200 ms)

Prepare: number of updated asset objects reloaded= 0
AssetImportParameters requested are different than current active one (requested -> active):
  custom:video-encoder-webm-vp8: eb34c28f22e8b96e1ab97ce403110664 -> 
  custom:video-decoder-webm-vp8: 9c59270c3fd7afecdb556c50c9e8de78 -> 
  custom:audio-decoder-ogg-vorbis: bf7c407c2cedff20999df2af8eb42d56 -> 
  custom:SearchIndexIgnoredProperties: e643bd26f0fe6173181afceb89e7c659 -> 
  custom:container-demuxer-ogg: 62fdf1f143b41e24485cea50d1cbac27 -> 
  custom:AudioImporter_EditorPlatform: d09bf68614088b80899f8185d706f6e7 -> 
  custom:CustomObjectIndexerAttribute: 9a22284fe3817be447336de3de66b15e -> 
  custom:container-demuxer-webm: 4f35f7cbe854078d1ac9338744f61a02 -> 
  custom:video-codec-MediaFoundation-h265: 746d11721c4dcdbdad8f713fa42b33f4 -> 
  custom:video-decoder-ogg-theora: a1e56fd34408186e4bbccfd4996cb3dc -> 
  custom:audio-encoder-webm-vorbis: bf7c407c2cedff20999df2af8eb42d56 -> 
  custom:framework-win-MediaFoundation: 216162199b28c13a410421893ffa2e32 -> 
  custom:container-muxer-webm: aa71ff27fc2769a1b78a27578f13a17b -> 
========================================================================
Received Import Request.
  Time since last request: 223.879383 seconds.
  path: Assets/Scripts/Parallax.cs
  artifactKey: Guid(449a9275ff2ac6a44b9ba8c388c8f41a) Importer(815301076,1909f56bfc062723c751e8b465ee728b)
Start importing Assets/Scripts/Parallax.cs using Guid(449a9275ff2ac6a44b9ba8c388c8f41a) Importer(815301076,1909f56bfc062723c751e8b465ee728b) [PhysX] Initialized MultithreadedTaskDispatcher with 4 workers.
 -> (artifact id: 'bf0888834c725ebe67376704c1caa65f') in 0.006189 seconds
Number of updated asset objects reloaded before import = 0
Number of asset objects unloaded after import = 0
========================================================================
Received Prepare
Caller must complete domain reload
Begin MonoManager ReloadAssembly
- Loaded All Assemblies, in  0.859 seconds
Native extension for WindowsStandalone target not found
Mono: successfully reloaded assembly
- Finished resetting the current domain, in  1.909 seconds
Domain Reload Profiling: 2764ms
	BeginReloadAssembly (489ms)
		ExecutionOrderSort (0ms)
		DisableScriptedObjects (6ms)
		BackupInstance (0ms)
		ReleaseScriptingObjects (0ms)
		CreateAndSetChildDomain (36ms)
	RebuildCommonClasses (44ms)
	RebuildNativeTypeToScriptingClass (16ms)
	initialDomainReloadingComplete (41ms)
	LoadAllAssembliesAndSetupDomain (264ms)
		LoadAssemblies (386ms)
		RebuildTransferFunctionScriptingTraits (0ms)
		AnalyzeDomain (28ms)
			TypeCache.Refresh (8ms)
				TypeCache.ScanAssembly (0ms)
			ScanForSourceGeneratedMonoScriptInfo (12ms)
			ResolveRequiredComponents (6ms)
	FinalizeReload (1909ms)
		ReleaseScriptCaches (0ms)
		RebuildScriptCaches (0ms)
		SetupLoadedEditorAssemblies (769ms)
			LogAssemblyErrors (0ms)
			InitializePlatformSupportModulesInManaged (16ms)
			SetLoadedEditorAssemblies (5ms)
			RefreshPlugins (0ms)
			BeforeProcessingInitializeOnLoad (122ms)
			ProcessInitializeOnLoadAttributes (566ms)
			ProcessInitializeOnLoadMethodAttributes (47ms)
			AfterProcessingInitializeOnLoad (13ms)
			EditorAssembliesLoaded (0ms)
		ExecutionOrderSort2 (0ms)
		AwakeInstancesAfterBackupRestoration (22ms)
Refreshing native plugins compatible for Editor in 6.48 ms, found 2 plugins.
Preloading 0 native plugins for Editor in 0.00 ms.
Unloading 1450 Unused Serialized files (Serialized files now loaded: 0)
Unloading 8 unused Assets / (25.0 KB). Loaded Objects now: 2005.
Memory consumption went from 85.2 MB to 85.2 MB.
Total: 3.587900 ms (FindLiveObjects: 0.247700 ms CreateObjectMapping: 0.181700 ms MarkObjects: 3.122200 ms  DeleteObjects: 0.034900 ms)

Prepare: number of updated asset objects reloaded= 0
AssetImportParameters requested are different than current active one (requested -> active):
  custom:video-encoder-webm-vp8: eb34c28f22e8b96e1ab97ce403110664 -> 
  custom:video-decoder-webm-vp8: 9c59270c3fd7afecdb556c50c9e8de78 -> 
  custom:audio-decoder-ogg-vorbis: bf7c407c2cedff20999df2af8eb42d56 -> 
  custom:SearchIndexIgnoredProperties: e643bd26f0fe6173181afceb89e7c659 -> 
  custom:container-demuxer-ogg: 62fdf1f143b41e24485cea50d1cbac27 -> 
  custom:AudioImporter_EditorPlatform: d09bf68614088b80899f8185d706f6e7 -> 
  custom:CustomObjectIndexerAttribute: 9a22284fe3817be447336de3de66b15e -> 
  custom:container-demuxer-webm: 4f35f7cbe854078d1ac9338744f61a02 -> 
  custom:video-codec-MediaFoundation-h265: 746d11721c4dcdbdad8f713fa42b33f4 -> 
  custom:scripting/monoscript/fileName/Parallax.cs: e735c387427a6ced1119878d24815454 -> 
  custom:video-decoder-ogg-theora: a1e56fd34408186e4bbccfd4996cb3dc -> 
  custom:audio-encoder-webm-vorbis: bf7c407c2cedff20999df2af8eb42d56 -> 
  custom:framework-win-MediaFoundation: 216162199b28c13a410421893ffa2e32 -> 
  custom:scripting/precompiled-assembly-types:Assembly-CSharp: b7180d0e042258896718e9f8948539e8 -> d28788bf7a519111cd7eaf7886f50b5e
  custom:container-muxer-webm: aa71ff27fc2769a1b78a27578f13a17b -> 
========================================================================
Received Import Request.
  Time since last request: 9.184681 seconds.
  path: Assets/Scripts/Parallax.cs
  artifactKey: Guid(449a9275ff2ac6a44b9ba8c388c8f41a) Importer(815301076,1909f56bfc062723c751e8b465ee728b)
Start importing Assets/Scripts/Parallax.cs using Guid(449a9275ff2ac6a44b9ba8c388c8f41a) Importer(815301076,1909f56bfc062723c751e8b465ee728b) [PhysX] Initialized MultithreadedTaskDispatcher with 4 workers.
 -> (artifact id: 'b79a8652a992dadb018c41415f22edf3') in 0.002884 seconds
Number of updated asset objects reloaded before import = 0
Number of asset objects unloaded after import = 0
========================================================================
Received Prepare
Caller must complete domain reload
Begin MonoManager ReloadAssembly
- Loaded All Assemblies, in  1.781 seconds
Native extension for WindowsStandalone target not found
Mono: successfully reloaded assembly
- Finished resetting the current domain, in 12.486 seconds
Domain Reload Profiling: 14247ms
	BeginReloadAssembly (584ms)
		ExecutionOrderSort (0ms)
		DisableScriptedObjects (7ms)
		BackupInstance (0ms)
		ReleaseScriptingObjects (0ms)
		CreateAndSetChildDomain (38ms)
	RebuildCommonClasses (67ms)
	RebuildNativeTypeToScriptingClass (19ms)
	initialDomainReloadingComplete (53ms)
	LoadAllAssembliesAndSetupDomain (1032ms)
		LoadAssemblies (1214ms)
		RebuildTransferFunctionScriptingTraits (0ms)
		AnalyzeDomain (52ms)
			TypeCache.Refresh (23ms)
				TypeCache.ScanAssembly (0ms)
			ScanForSourceGeneratedMonoScriptInfo (0ms)
			ResolveRequiredComponents (26ms)
	FinalizeReload (12492ms)
		ReleaseScriptCaches (0ms)
		RebuildScriptCaches (0ms)
		SetupLoadedEditorAssemblies (7108ms)
			LogAssemblyErrors (0ms)
			InitializePlatformSupportModulesInManaged (30ms)
			SetLoadedEditorAssemblies (25ms)
			RefreshPlugins (0ms)
			BeforeProcessingInitializeOnLoad (231ms)
			ProcessInitializeOnLoadAttributes (4788ms)
			ProcessInitializeOnLoadMethodAttributes (1809ms)
			AfterProcessingInitializeOnLoad (223ms)
			EditorAssembliesLoaded (0ms)
		ExecutionOrderSort2 (0ms)
		AwakeInstancesAfterBackupRestoration (175ms)
Refreshing native plugins compatible for Editor in 188.67 ms, found 2 plugins.
Preloading 0 native plugins for Editor in 0.00 ms.
Unloading 1450 Unused Serialized files (Serialized files now loaded: 0)
Unloading 8 unused Assets / (25.1 KB). Loaded Objects now: 2008.
Memory consumption went from 85.2 MB to 85.2 MB.
Total: 19.525300 ms (FindLiveObjects: 0.754700 ms CreateObjectMapping: 3.239800 ms MarkObjects: 15.473000 ms  DeleteObjects: 0.054700 ms)

Prepare: number of updated asset objects reloaded= 0
AssetImportParameters requested are different than current active one (requested -> active):
  custom:video-encoder-webm-vp8: eb34c28f22e8b96e1ab97ce403110664 -> 
  custom:video-decoder-webm-vp8: 9c59270c3fd7afecdb556c50c9e8de78 -> 
  custom:audio-decoder-ogg-vorbis: bf7c407c2cedff20999df2af8eb42d56 -> 
  custom:SearchIndexIgnoredProperties: e643bd26f0fe6173181afceb89e7c659 -> 
  custom:container-demuxer-ogg: 62fdf1f143b41e24485cea50d1cbac27 -> 
  custom:AudioImporter_EditorPlatform: d09bf68614088b80899f8185d706f6e7 -> 
  custom:CustomObjectIndexerAttribute: 9a22284fe3817be447336de3de66b15e -> 
  custom:container-demuxer-webm: 4f35f7cbe854078d1ac9338744f61a02 -> 
  custom:video-codec-MediaFoundation-h265: 746d11721c4dcdbdad8f713fa42b33f4 -> 
  custom:scripting/monoscript/fileName/Parallax.cs: e735c387427a6ced1119878d24815454 -> 
  custom:video-decoder-ogg-theora: a1e56fd34408186e4bbccfd4996cb3dc -> 
  custom:audio-encoder-webm-vorbis: bf7c407c2cedff20999df2af8eb42d56 -> 
  custom:framework-win-MediaFoundation: 216162199b28c13a410421893ffa2e32 -> 
  custom:scripting/precompiled-assembly-types:Assembly-CSharp: b7180d0e042258896718e9f8948539e8 -> d28788bf7a519111cd7eaf7886f50b5e
  custom:container-muxer-webm: aa71ff27fc2769a1b78a27578f13a17b -> 
